Tile Id,Date,Serving Cell Average RSRP (All),Serving Cell Average RSRQ (All),Total MR Count,Longitude,Latitude,geometry,cluster
'5764608310152453466',2.02E+16,-125.14,-14.67,36,115.105,-8.84301,POINT (115.105 -8.843010000000001),11
'5764608310152453467',2.02E+16,-120.96,-12.67,149,115.105,-8.84267,POINT (115.105 -8.84267),11
'5764608310152453478',2.02E+16,-121.64,-14.13,90,115.105,-8.84369,POINT (115.105 -8.843689999999999),11
'5764608310152453479',2.02E+16,-121.34,-14.18,47,115.105,-8.84335,POINT (115.105 -8.843349999999999),11
'5764608310152453483',2.02E+16,-120.07,-11.83,57,115.106,-8.84403,POINT (115.106 -8.84403),11
'5764608310152453499',2.02E+16,-121.12,-13.84,146,115.106,-8.84267,POINT (115.106 -8.84267),11
'5764608310152453573',2.02E+16,-122.19,-12.09,59,115.107,-8.84335,POINT (115.107 -8.843349999999999),11
'5764608310152453581',2.02E+16,-121.12,-14.3,25,115.107,-8.84335,POINT (115.107 -8.843349999999999),11
'5764608310152453591',2.02E+16,-120.94,-15.65,221,115.107,-8.84199,POINT (115.107 -8.841989999999999),11
'5764608310152453598',2.02E+16,-122.33,-11.33,6,115.108,-8.84233,POINT (115.108 -8.84233),11
'5764608310152453608',2.02E+16,-120.37,-12.03,441,115.109,-8.84436,POINT (115.109 -8.84436),11
'5764608310152453609',2.02E+16,-120.86,-11.94,627,115.109,-8.84403,POINT (115.109 -8.84403),11
'5764608310152453911',2.02E+16,-122.67,-16.33,6,115.11,-8.8447,POINT (115.11 -8.8447),11
'5764608310152453919',2.02E+16,-121.28,-12.74,356,115.11,-8.8447,POINT (115.11 -8.8447),11
'5764608310152453940',2.02E+16,-123.31,-14.45,55,115.111,-8.84504,POINT (115.111 -8.845039999999999),11
'5764608310152453946',2.02E+16,-122.44,-16.39,9,115.112,-8.84572,POINT (115.112 -8.84572),11
'5764608310152453956',2.02E+16,-121.64,-11.81,147,115.109,-8.84369,POINT (115.109 -8.843689999999999),11
'5764608310152453958',2.02E+16,-121.83,-12.31,81,115.11,-8.84369,POINT (115.11 -8.843689999999999),11
'5764608310152453966',2.02E+16,-125.4,-14.46,15,115.11,-8.84369,POINT (115.11 -8.843689999999999),11
'5764608310152453967',2.02E+16,-124.57,-15.05,21,115.11,-8.84335,POINT (115.11 -8.843349999999999),11
'5764608310152453978',2.02E+16,-129,-17.32,11,115.11,-8.84301,POINT (115.11 -8.843010000000001),11
'5764608310152453986',2.02E+16,-123.97,-14.22,31,115.111,-8.84436,POINT (115.111 -8.84436),11
'5764608310152453989',2.02E+16,-133.43,-18.43,7,115.111,-8.84335,POINT (115.111 -8.843349999999999),11
'5764608310152453995',2.02E+16,-121.59,-15.34,32,115.112,-8.84403,POINT (115.112 -8.84403),11
'5764608310152454003',2.02E+16,-124.5,-14.12,8,115.111,-8.84267,POINT (115.111 -8.84267),11
'5764608310152454045',2.02E+16,-121.6,-11.95,10,115.113,-8.8447,POINT (115.113 -8.8447),11
'5764608310152454082',2.02E+16,-122.14,-14.19,95,115.112,-8.84436,POINT (115.112 -8.84436),11
'5764608310152454104',2.02E+16,-121.33,-14.07,811,115.113,-8.84301,POINT (115.113 -8.843010000000001),11
'5764608310152454114',2.02E+16,-121.1,-13.29,264,115.114,-8.84436,POINT (115.114 -8.84436),11
'5764608310152454117',2.02E+16,-123.2,-12,5,115.113,-8.84335,POINT (115.113 -8.843349999999999),11
'5764608310152454126',2.02E+16,-121.06,-14.75,207,115.114,-8.84369,POINT (115.114 -8.843689999999999),11
'5764608310152459569',2.02E+16,-127.88,-19,8,115.116,-8.84538,POINT (115.116 -8.84538),11
'5764608310152459901',2.02E+16,-120.39,-12.48,62,115.122,-8.84742,POINT (115.122 -8.84742),7
'5764608310152459989',2.02E+16,-122.57,-11.36,7,115.123,-8.84742,POINT (115.123 -8.84742),7
'5764608310152460023',2.02E+16,-129.62,-17.57,8,115.125,-8.84742,POINT (115.125 -8.84742),7
'5764608310152460042',2.02E+16,-128.5,-14.16,6,115.121,-8.84708,POINT (115.121 -8.84708),7
'5764608310152460045',2.02E+16,-128,-16,1,115.121,-8.84606,POINT (115.121 -8.846060000000001),7
'5764608310152460052',2.02E+16,-121.9,-11.6,10,115.12,-8.84504,POINT (115.12 -8.845039999999999),7
'5764608310152460063',2.02E+16,-123.2,-11.2,5,115.121,-8.8447,POINT (115.121 -8.8447),7
'5764608310152460067',2.02E+16,-120.8,-11.76,41,115.122,-8.84674,POINT (115.122 -8.846739999999999),7
'5764608310152460074',2.02E+16,-125.15,-12.57,47,115.123,-8.84708,POINT (115.123 -8.84708),7
'5764608310152460206',2.02E+16,-120.82,-11.5,110,115.125,-8.8464,POINT (115.125 -8.846399999999999),7
'5764608310152460217',2.02E+16,-120.75,-11.44,8,115.125,-8.84538,POINT (115.125 -8.84538),7
'5764608310152460258',2.02E+16,-123.94,-13.73,34,115.125,-8.84436,POINT (115.125 -8.84436),7
'5764608310152460259',2.02E+16,-120.85,-13.64,96,115.125,-8.84403,POINT (115.125 -8.84403),7
'5764608310152460260',2.02E+16,-122.5,-13.61,14,115.124,-8.84369,POINT (115.124 -8.843689999999999),7
'5764608310152461577',2.02E+16,-121.98,-13.25,48,115.126,-8.84674,POINT (115.126 -8.846739999999999),7
'5764608310152461584',2.02E+16,-120.38,-13,16,115.126,-8.84572,POINT (115.126 -8.84572),7
'5764608310152461624',2.02E+16,-121.88,-14.37,66,115.128,-8.84572,POINT (115.128 -8.84572),7
'5764608310152461625',2.02E+16,-128.12,-18.5,8,115.128,-8.84538,POINT (115.128 -8.84538),7
'5764608310152461639',2.02E+16,-121.71,-12.9,296,115.126,-8.84335,POINT (115.126 -8.843349999999999),7
'5764608310152461640',2.02E+16,-121.25,-11.69,8,115.126,-8.84436,POINT (115.126 -8.84436),7
'5764608310152461641',2.02E+16,-121,-16.08,12,115.126,-8.84403,POINT (115.126 -8.84403),7
'5764608310152461700',2.02E+16,-122.39,-13.93,28,115.128,-8.8464,POINT (115.128 -8.846399999999999),7
'5764608310152461702',2.02E+16,-126.47,-16.23,15,115.129,-8.8464,POINT (115.129 -8.846399999999999),7
'5764608310152461708',2.02E+16,-121.03,-12.02,65,115.129,-8.8464,POINT (115.129 -8.846399999999999),7
'5764608310152461711',2.02E+16,-125.72,-15.63,39,115.13,-8.84606,POINT (115.13 -8.846060000000001),7
'5764608310152461712',2.02E+16,-122.4,-12.91,77,115.128,-8.84572,POINT (115.128 -8.84572),7
'5764608310152461720',2.02E+16,-121,-14.8,10,115.129,-8.84572,POINT (115.129 -8.84572),7
'5764608310152461721',2.02E+16,-122.56,-13.22,25,115.129,-8.84538,POINT (115.129 -8.84538),7
'5764608310152461724',2.02E+16,-127.6,-13,5,115.129,-8.84504,POINT (115.129 -8.845039999999999),7
'5764608310152461729',2.02E+16,-123.19,-12.51,101,115.13,-8.84674,POINT (115.13 -8.846739999999999),7
'5764608310152461733',2.02E+16,-123.93,-13.39,41,115.13,-8.84606,POINT (115.13 -8.846060000000001),7
'5764608310152461734',2.02E+16,-132.43,-17.35,7,115.13,-8.8464,POINT (115.13 -8.846399999999999),7
'5764608310152461740',2.02E+16,-123.62,-12.06,32,115.131,-8.8464,POINT (115.131 -8.846399999999999),7
'5764608310152461743',2.02E+16,-120.2,-13.8,5,115.131,-8.84606,POINT (115.131 -8.846060000000001),7
'5764608310152461744',2.02E+16,-124.55,-13.53,69,115.13,-8.84572,POINT (115.13 -8.84572),7
'5764608310152461745',2.02E+16,-128.12,-15.82,8,115.13,-8.84538,POINT (115.13 -8.84538),7
'5764608310152461746',2.02E+16,-126,-12.83,9,115.13,-8.84572,POINT (115.13 -8.84572),7
'5764608310152461747',2.02E+16,-126.93,-15.55,29,115.13,-8.84538,POINT (115.13 -8.84538),7
'5764608310152461748',2.02E+16,-123.67,-16.39,9,115.13,-8.84504,POINT (115.13 -8.845039999999999),7
'5764608310152461749',2.02E+16,-120.76,-12.55,29,115.13,-8.8447,POINT (115.13 -8.8447),7
'5764608310152461753',2.02E+16,-123.5,-14.84,12,115.131,-8.84538,POINT (115.131 -8.84538),7
'5764608310152461756',2.02E+16,-121.41,-16.23,22,115.131,-8.84504,POINT (115.131 -8.845039999999999),7
'5764608310152461757',2.02E+16,-122.6,-11.06,60,115.131,-8.8447,POINT (115.131 -8.8447),7
'5764608310152461770',2.02E+16,-124.2,-15.2,10,115.13,-8.84436,POINT (115.13 -8.84436),7
'5764608310152461771',2.02E+16,-122,-13,2,115.13,-8.84403,POINT (115.13 -8.84403),7
'5764608310152461779',2.02E+16,-126.8,-15.25,10,115.129,-8.84267,POINT (115.129 -8.84267),7
'5764608310152461786',2.02E+16,-121.13,-12.85,38,115.13,-8.84301,POINT (115.13 -8.843010000000001),7
'5764608310152461787',2.02E+16,-127.94,-16.17,18,115.13,-8.84267,POINT (115.13 -8.84267),7
'5764608310152461788',2.02E+16,-128,-18.5,2,115.129,-8.84233,POINT (115.129 -8.84233),7
'5764608310152461795',2.02E+16,-121.8,-16.52,60,115.13,-8.84403,POINT (115.13 -8.84403),7
'5764608310152461798',2.02E+16,-123.94,-13.59,16,115.13,-8.84369,POINT (115.13 -8.843689999999999),7
'5764608310152461807',2.02E+16,-126.28,-14.18,14,115.131,-8.84335,POINT (115.131 -8.843349999999999),2
'5764608310152461809',2.02E+16,-125.78,-13.61,14,115.13,-8.84267,POINT (115.13 -8.84267),7
'5764608310152461815',2.02E+16,-124.08,-14,13,115.13,-8.84199,POINT (115.13 -8.841989999999999),2
'5764608310152461817',2.02E+16,-120.31,-13.51,74,115.131,-8.84267,POINT (115.131 -8.84267),2
'5764608310152461818',2.02E+16,-120.88,-9.63,24,115.131,-8.84301,POINT (115.131 -8.843010000000001),2
'5764608310152461819',2.02E+16,-122.5,-11.69,16,115.131,-8.84267,POINT (115.131 -8.84267),2
'5764608310152461820',2.02E+16,-126.7,-13.8,10,115.131,-8.84233,POINT (115.131 -8.84233),2
'5764608310152461823',2.02E+16,-122.29,-12.7,41,115.131,-8.84199,POINT (115.131 -8.841989999999999),2
'5764608310152462037',2.02E+16,-123.51,-12.56,105,115.134,-8.84742,POINT (115.134 -8.84742),2
'5764608310152462039',2.02E+16,-123.61,-12.11,43,115.134,-8.84742,POINT (115.134 -8.84742),2
'5764608310152462089',2.02E+16,-121.94,-15.9,90,115.132,-8.84674,POINT (115.132 -8.846739999999999),7
'5764608310152462097',2.02E+16,-122.43,-14.7,33,115.131,-8.84538,POINT (115.131 -8.84538),7
'5764608310152462100',2.02E+16,-123.75,-16,28,115.131,-8.84504,POINT (115.131 -8.845039999999999),7
'5764608310152462126',2.02E+16,-121.71,-16.64,119,115.134,-8.8464,POINT (115.134 -8.846399999999999),2
'5764608310152462132',2.02E+16,-121.83,-16.29,12,115.133,-8.84504,POINT (115.133 -8.845039999999999),2
'5764608310152462140',2.02E+16,-125,-13.5,1,115.133,-8.84504,POINT (115.133 -8.845039999999999),2
'5764608310152462141',2.02E+16,-123.33,-12.56,9,115.133,-8.8447,POINT (115.133 -8.8447),2
'5764608310152462142',2.02E+16,-125.07,-17.52,120,115.134,-8.84504,POINT (115.134 -8.845039999999999),2
'5764608310152462149',2.02E+16,-121.47,-11.22,83,115.131,-8.84335,POINT (115.131 -8.843349999999999),2
'5764608310152462153',2.02E+16,-121.38,-17.31,8,115.132,-8.84403,POINT (115.132 -8.84403),2
'5764608310152462162',2.02E+16,-120.71,-10.75,34,115.132,-8.84301,POINT (115.132 -8.843010000000001),2
'5764608310152462164',2.02E+16,-121.24,-12.1,87,115.131,-8.84233,POINT (115.131 -8.84233),2
'5764608310152462165',2.02E+16,-123.69,-13.31,108,115.131,-8.84199,POINT (115.131 -8.841989999999999),2
'5764608310152462166',2.02E+16,-123.69,-12.62,16,115.132,-8.84233,POINT (115.132 -8.84233),2
'5764608310152462170',2.02E+16,-124.09,-12.69,47,115.132,-8.84301,POINT (115.132 -8.843010000000001),2
'5764608310152462173',2.02E+16,-121.09,-16,11,115.132,-8.84199,POINT (115.132 -8.841989999999999),2
'5764608310152462189',2.02E+16,-120.52,-12.39,279,115.133,-8.84335,POINT (115.133 -8.843349999999999),2
'5764608310152462193',2.02E+16,-120.26,-11.66,107,115.133,-8.84267,POINT (115.133 -8.84267),2
'5764608310152462195',2.02E+16,-123.88,-15.62,8,115.133,-8.84267,POINT (115.133 -8.84267),2
'5764608310152462201',2.02E+16,-120.75,-16.63,12,115.133,-8.84267,POINT (115.133 -8.84267),2
'5764608310152462211',2.02E+16,-121.83,-16.41,48,115.134,-8.84674,POINT (115.134 -8.846739999999999),2
'5764608310152462216',2.02E+16,-120.51,-15.95,53,115.135,-8.84708,POINT (115.135 -8.84708),2
'5764608310152462232',2.02E+16,-120.2,-13.78,114,115.135,-8.84572,POINT (115.135 -8.84572),2
'5764608310152462234',2.02E+16,-120.72,-14.21,94,115.135,-8.84572,POINT (115.135 -8.84572),2
'5764608310152462244',2.02E+16,-122.8,-14.2,5,115.135,-8.8464,POINT (115.135 -8.846399999999999),2
'5764608310152462246',2.02E+16,-121.01,-14.12,195,115.136,-8.8464,POINT (115.136 -8.846399999999999),2
'5764608310152462251',2.02E+16,-121.64,-13.77,39,115.136,-8.84674,POINT (115.136 -8.846739999999999),2
'5764608310152462252',2.02E+16,-123.16,-14.95,121,115.136,-8.8464,POINT (115.136 -8.846399999999999),2
'5764608310152462253',2.02E+16,-125.24,-14.47,17,115.136,-8.84606,POINT (115.136 -8.846060000000001),2
'5764608310152462255',2.02E+16,-123.39,-14.93,61,115.136,-8.84606,POINT (115.136 -8.846060000000001),2
'5764608310152462256',2.02E+16,-124.98,-16.76,48,115.135,-8.84572,POINT (115.135 -8.84572),2
'5764608310152462258',2.02E+16,-125.59,-15.82,53,115.136,-8.84572,POINT (115.136 -8.84572),2
'5764608310152462259',2.02E+16,-122.45,-14.52,33,115.136,-8.84538,POINT (115.136 -8.84538),2
'5764608310152462262',2.02E+16,-122.64,-13.99,96,115.136,-8.84504,POINT (115.136 -8.845039999999999),2
'5764608310152462265',2.02E+16,-126.25,-20,4,115.136,-8.84538,POINT (115.136 -8.84538),2
'5764608310152462267',2.02E+16,-120.74,-15.79,99,115.136,-8.84538,POINT (115.136 -8.84538),2
'5764608310152462268',2.02E+16,-121.74,-13,27,115.136,-8.84504,POINT (115.136 -8.845039999999999),2
'5764608310152462270',2.02E+16,-120.58,-14.18,122,115.136,-8.84504,POINT (115.136 -8.845039999999999),2
'5764608310152462272',2.02E+16,-123.17,-17.83,12,115.134,-8.84436,POINT (115.134 -8.84436),2
'5764608310152462297',2.02E+16,-125.86,-18.22,7,115.135,-8.84267,POINT (115.135 -8.84267),2
'5764608310152462299',2.02E+16,-123.14,-12.36,7,115.135,-8.84267,POINT (115.135 -8.84267),2
'5764608310152462301',2.02E+16,-122.57,-17.06,39,115.135,-8.84199,POINT (115.135 -8.841989999999999),2
'5764608310152462315',2.02E+16,-124.2,-12.37,15,115.136,-8.84403,POINT (115.136 -8.84403),2
'5764608310152462318',2.02E+16,-121.26,-14.51,186,115.136,-8.84369,POINT (115.136 -8.843689999999999),2
'5764608310152462323',2.02E+16,-121.4,-15.75,30,115.136,-8.84267,POINT (115.136 -8.84267),2
'5764608310152462326',2.02E+16,-125.12,-17.39,49,115.136,-8.84233,POINT (115.136 -8.84233),2
'5764608310152462327',2.02E+16,-125.67,-16.62,42,115.136,-8.84199,POINT (115.136 -8.841989999999999),2
'5764608310152462335',2.02E+16,-123.49,-15.7,106,115.136,-8.84199,POINT (115.136 -8.841989999999999),2
'5764608310152473304',2.02E+16,-121.56,-15.56,9,115.091,-8.83758,POINT (115.091 -8.837580000000001),12
'5764608310152473328',2.02E+16,-125.85,-15.73,13,115.091,-8.83758,POINT (115.091 -8.837580000000001),12
'5764608310152473332',2.02E+16,-123.91,-17.93,21,115.091,-8.8369,POINT (115.091 -8.8369),12
'5764608310152473338',2.02E+16,-122,-14,12,115.092,-8.83758,POINT (115.092 -8.837580000000001),12
'5764608310152473508',2.02E+16,-122.88,-17.62,8,115.091,-8.83554,POINT (115.091 -8.83554),12
'5764608310152473529',2.02E+16,-128.33,-16.17,3,115.092,-8.83453,POINT (115.092 -8.834530000000001),12
'5764608310152473532',2.02E+16,-123.33,-13.33,3,115.092,-8.83419,POINT (115.092 -8.83419),6
'5764608310152473565',2.02E+16,-126,-20,1,115.091,-8.83113,POINT (115.091 -8.83113),6
'5764608310152473570',2.02E+16,-126,-17.9,5,115.092,-8.83351,POINT (115.092 -8.83351),6
'5764608310152473598',2.02E+16,-122,-18.5,3,115.092,-8.83147,POINT (115.092 -8.831469999999999),6
'5764608310152473726',2.02E+16,-128.75,-20,4,115.084,-8.82605,POINT (115.084 -8.82605),10
'5764608310152473834',2.02E+16,-122.44,-15.44,9,115.087,-8.82808,POINT (115.087 -8.82808),6
'5764608310152474125',2.02E+16,-130.8,-20,5,115.088,-8.82978,POINT (115.088 -8.82978),6
'5764608310152474156',2.02E+16,-120.56,-18.89,27,115.089,-8.83012,POINT (115.089 -8.830119999999999),6
'5764608310152474229',2.02E+16,-121,-20,4,115.089,-8.82571,POINT (115.089 -8.825710000000001),10
'5764608310152474232',2.02E+16,-121.79,-17.53,43,115.089,-8.82672,POINT (115.089 -8.82672),6
'5764608310152474264',2.02E+16,-120.47,-19.83,15,115.091,-8.82944,POINT (115.091 -8.82944),6
'5764608310152474265',2.02E+16,-120.54,-13.48,22,115.091,-8.8291,POINT (115.091 -8.8291),6
'5764608310152474293',2.02E+16,-126.5,-19,2,115.091,-8.82842,POINT (115.091 -8.828419999999999),6
'5764608310152474298',2.02E+16,-121.06,-16.54,34,115.092,-8.82944,POINT (115.092 -8.82944),6
'5764608310152474299',2.02E+16,-121.27,-15.96,861,115.092,-8.8291,POINT (115.092 -8.8291),6
'5764608310152474319',2.02E+16,-122.27,-17.33,15,115.091,-8.82706,POINT (115.091 -8.827060000000001),6
'5764608310152474322',2.02E+16,-122.1,-16.3,153,115.09,-8.82672,POINT (115.09 -8.82672),6
'5764608310152474333',2.02E+16,-120.87,-12.98,2278,115.091,-8.82571,POINT (115.091 -8.825710000000001),6
'5764608310152474336',2.02E+16,-120.43,-15.94,1751,115.091,-8.82808,POINT (115.091 -8.82808),6
'5764608310152474350',2.02E+16,-120.53,-11.99,213,115.092,-8.8274,POINT (115.092 -8.827400000000001),6
'5764608310152474355',2.02E+16,-120.1,-17.27,712,115.092,-8.82638,POINT (115.092 -8.82638),6
'5764608310152474373',2.02E+16,-124.63,-18.57,267,115.087,-8.82435,POINT (115.087 -8.824350000000001),10
'5764608310152474382',2.02E+16,-121.18,-12.43,55,115.088,-8.82469,POINT (115.088 -8.824689999999999),10
'5764608310152474404',2.02E+16,-120.41,-16.41,17,115.089,-8.82469,POINT (115.089 -8.824689999999999),10
'5764608310152474430',2.02E+16,-120.8,-13.52,126,115.09,-8.82333,POINT (115.09 -8.82333),10
'5764608310152474442',2.02E+16,-120.93,-14.09,109,115.088,-8.82265,POINT (115.088 -8.822649999999999),10
'5764608310152474476',2.02E+16,-128.95,-19.42,19,115.089,-8.82197,POINT (115.089 -8.82197),10
'5764608310152474493',2.02E+16,-122.8,-16.8,5,115.089,-8.82028,POINT (115.089 -8.82028),10
'5764608310152474497',2.02E+16,-126.64,-19.5,11,115.09,-8.82503,POINT (115.09 -8.82503),10
'5764608310152474513',2.02E+16,-123.54,-14.6,24,115.09,-8.82367,POINT (115.09 -8.82367),10
'5764608310152474521',2.02E+16,-120.98,-13.11,57,115.091,-8.82367,POINT (115.091 -8.82367),10
'5764608310152474536',2.02E+16,-120.3,-13.43,3586,115.092,-8.82537,POINT (115.092 -8.825369999999999),6
'5764608310152476847',2.02E+16,-121.99,-15.03,375,115.087,-8.81892,POINT (115.087 -8.81892),10
'5764608310152477189',2.02E+16,-121.64,-15.96,148,115.087,-8.81892,POINT (115.087 -8.81892),10
'5764608310152477193',2.02E+16,-123.43,-17.21,7,115.088,-8.8196,POINT (115.088 -8.819599999999999),10
'5764608310152477197',2.02E+16,-121.47,-14.65,40,115.088,-8.81892,POINT (115.088 -8.81892),10
'5764608310152477203',2.02E+16,-120.82,-14.47,101,115.088,-8.81824,POINT (115.088 -8.818239999999999),10
'5764608310152477204',2.02E+16,-120.32,-13.2,142,115.087,-8.8179,POINT (115.087 -8.8179),10
'5764608310152477213',2.02E+16,-121.63,-14.13,94,115.088,-8.81756,POINT (115.088 -8.81756),10
'5764608310152477218',2.02E+16,-121.03,-12.19,505,115.089,-8.81994,POINT (115.089 -8.819939999999999),10
'5764608310152477428',2.02E+16,-120.64,-14.68,11,115.091,-8.81519,POINT (115.091 -8.815189999999999),10
'5764608310152477568',2.02E+16,-124.9,-14.7,10,115.09,-8.81451,POINT (115.09 -8.81451),10
'5764608310152477577',2.02E+16,-120.25,-19.33,620,115.091,-8.81417,POINT (115.091 -8.814169999999999),10
'5764608310152477579',2.02E+16,-123.83,-14.91,121,115.091,-8.81417,POINT (115.091 -8.814169999999999),10
'5764608310152477614',2.02E+16,-128,-20,4,115.092,-8.81383,POINT (115.092 -8.813830000000001),10
'5764608310152495156',2.02E+16,-130.75,-16.56,8,115.094,-8.83962,POINT (115.094 -8.83962),12
'5764608310152495167',2.02E+16,-121.16,-13.9,56,115.095,-8.83928,POINT (115.095 -8.83928),12
'5764608310152495176',2.02E+16,-126.67,-13.08,6,115.093,-8.83894,POINT (115.093 -8.838939999999999),12
'5764608310152495178',2.02E+16,-128,-16.67,3,115.094,-8.83894,POINT (115.094 -8.838939999999999),12
'5764608310152495186',2.02E+16,-122.17,-14.8,18,115.093,-8.83758,POINT (115.093 -8.837580000000001),12
'5764608310152495195',2.02E+16,-120.71,-12.27,209,115.094,-8.83724,POINT (115.094 -8.83724),12
'5764608310152495198',2.02E+16,-122.04,-12.8,23,115.094,-8.8369,POINT (115.094 -8.8369),12
'5764608310152495203',2.02E+16,-127,-20,3,115.094,-8.8386,POINT (115.094 -8.8386),12
'5764608310152495206',2.02E+16,-122.96,-12.81,26,115.094,-8.83826,POINT (115.094 -8.83826),12
'5764608310152495207',2.02E+16,-122.05,-18.34,19,115.094,-8.83792,POINT (115.094 -8.83792),12
'5764608310152495210',2.02E+16,-120.16,-14.27,13,115.095,-8.83894,POINT (115.095 -8.838939999999999),12
'5764608310152495219',2.02E+16,-120.97,-13.16,31,115.094,-8.83724,POINT (115.094 -8.83724),12
'5764608310152495222',2.02E+16,-122.68,-11.65,116,115.094,-8.8369,POINT (115.094 -8.8369),12
'5764608310152495231',2.02E+16,-123.33,-11.53,49,115.095,-8.83656,POINT (115.095 -8.83656),12
'5764608310152495247',2.02E+16,-121.63,-12.94,8,115.097,-8.84063,POINT (115.097 -8.840630000000001),12
'5764608310152495249',2.02E+16,-120.21,-11.29,28,115.096,-8.83995,POINT (115.096 -8.83995),12
'5764608310152495254',2.02E+16,-124,-15.17,3,115.096,-8.83962,POINT (115.096 -8.83962),12
'5764608310152495255',2.02E+16,-121.3,-12.26,203,115.096,-8.83928,POINT (115.096 -8.83928),12
'5764608310152495261',2.02E+16,-120.58,-12.71,12,115.096,-8.83928,POINT (115.096 -8.83928),12
'5764608310152495262',2.02E+16,-120.5,-15.25,20,115.097,-8.83962,POINT (115.097 -8.83962),12
'5764608310152495269',2.02E+16,-122,-11.75,2,115.097,-8.84063,POINT (115.097 -8.840630000000001),12
'5764608310152495302',2.02E+16,-123.23,-12.67,9,115.096,-8.83826,POINT (115.096 -8.83826),12
'5764608310152495307',2.02E+16,-121.32,-12.9,59,115.097,-8.8386,POINT (115.097 -8.8386),12
'5764608310152495310',2.02E+16,-122.61,-12.92,36,115.097,-8.83826,POINT (115.097 -8.83826),12
'5764608310152495317',2.02E+16,-123.84,-11.93,61,115.096,-8.83656,POINT (115.096 -8.83656),12
'5764608310152495326',2.02E+16,-124.11,-14.72,9,115.097,-8.8369,POINT (115.097 -8.8369),12
'5764608310152495335',2.02E+16,-125,-15,1,115.097,-8.83792,POINT (115.097 -8.83792),12
'5764608310152495337',2.02E+16,-122,-12,6,115.098,-8.8386,POINT (115.098 -8.8386),12
'5764608310152495340',2.02E+16,-121.1,-13.65,10,115.098,-8.83826,POINT (115.098 -8.83826),12
'5764608310152495342',2.02E+16,-120.2,-11.32,54,115.098,-8.83826,POINT (115.098 -8.83826),12
'5764608310152495345',2.02E+16,-121.63,-12.55,145,115.097,-8.83724,POINT (115.097 -8.83724),12
'5764608310152495346',2.02E+16,-122.83,-13.69,85,115.097,-8.83758,POINT (115.097 -8.837580000000001),12
'5764608310152495354',2.02E+16,-122.94,-14.06,100,115.098,-8.83758,POINT (115.098 -8.837580000000001),12
'5764608310152495372',2.02E+16,-123,-20,2,115.093,-8.83554,POINT (115.093 -8.83554),12
'5764608310152495373',2.02E+16,-121.65,-14.81,888,115.093,-8.83521,POINT (115.093 -8.83521),12
'5764608310152495378',2.02E+16,-121.71,-11.32,17,115.093,-8.83487,POINT (115.093 -8.83487),12
'5764608310152495389',2.02E+16,-121.9,-16.68,20,115.093,-8.83385,POINT (115.093 -8.83385),6
'5764608310152495398',2.02E+16,-122.2,-14.1,5,115.094,-8.83554,POINT (115.094 -8.83554),12
'5764608310152495399',2.02E+16,-121.06,-12.71,33,115.094,-8.83521,POINT (115.094 -8.83521),12
'5764608310152495406',2.02E+16,-120.6,-14.15,109,115.095,-8.83554,POINT (115.095 -8.83554),12
'5764608310152495407',2.02E+16,-120.89,-14.69,237,115.095,-8.83521,POINT (115.095 -8.83521),12
'5764608310152495410',2.02E+16,-121.64,-13.27,39,115.094,-8.83487,POINT (115.094 -8.83487),12
'5764608310152495420',2.02E+16,-121.2,-14.6,5,115.095,-8.83419,POINT (115.095 -8.83419),12
'5764608310152495432',2.02E+16,-121.96,-12.63,23,115.093,-8.83351,POINT (115.093 -8.83351),6
'5764608310152495439',2.02E+16,-121,-14.83,3,115.094,-8.83249,POINT (115.094 -8.83249),6
'5764608310152495444',2.02E+16,-120.67,-15.17,6,115.093,-8.83147,POINT (115.093 -8.831469999999999),6
'5764608310152495447',2.02E+16,-126,-17.5,2,115.093,-8.83113,POINT (115.093 -8.83113),6
'5764608310152495454',2.02E+16,-125,-17,4,115.094,-8.83147,POINT (115.094 -8.831469999999999),6
'5764608310152495461',2.02E+16,-126.67,-16.5,6,115.094,-8.83249,POINT (115.094 -8.83249),6
'5764608310152495462',2.02E+16,-120.75,-15,8,115.094,-8.83283,POINT (115.094 -8.83283),6
'5764608310152495476',2.02E+16,-121.16,-15.37,38,115.094,-8.83147,POINT (115.094 -8.831469999999999),6
'5764608310152495479',2.02E+16,-121.24,-11.83,21,115.094,-8.83113,POINT (115.094 -8.83113),6
'5764608310152495481',2.02E+16,-121.34,-13.63,68,115.095,-8.83181,POINT (115.095 -8.831810000000001),6
'5764608310152495483',2.02E+16,-124.33,-17.42,6,115.095,-8.83181,POINT (115.095 -8.831810000000001),6
'5764608310152495488',2.02E+16,-122.14,-10.86,43,115.096,-8.83622,POINT (115.096 -8.836219999999999),12
'5764608310152495514',2.02E+16,-121.9,-13.5,10,115.097,-8.83487,POINT (115.097 -8.83487),12
'5764608310152495523',2.02E+16,-120.86,-13.8,216,115.097,-8.83588,POINT (115.097 -8.83588),12
'5764608310152495532',2.02E+16,-121.62,-15.75,8,115.098,-8.83554,POINT (115.098 -8.83554),12
'5764608310152495534',2.02E+16,-126,-18.38,4,115.098,-8.83554,POINT (115.098 -8.83554),12
'5764608310152495538',2.02E+16,-121.75,-11.56,53,115.097,-8.83487,POINT (115.097 -8.83487),12
'5764608310152495560',2.02E+16,-124,-18.3,10,115.096,-8.83351,POINT (115.096 -8.83351),12
'5764608310152495562',2.02E+16,-121.65,-14.29,17,115.097,-8.83351,POINT (115.097 -8.83351),12
'5764608310152495570',2.02E+16,-122,-14.05,9,115.096,-8.83215,POINT (115.096 -8.83215),6
'5764608310152495581',2.02E+16,-129,-18,3,115.096,-8.83113,POINT (115.096 -8.83113),6
'5764608310152495611',2.02E+16,-127,-15.5,1,115.098,-8.83181,POINT (115.098 -8.831810000000001),6
'5764608310152495614',2.02E+16,-126.67,-17.17,3,115.098,-8.83147,POINT (115.098 -8.831469999999999),6
'5764608310152495649',2.02E+16,-122,-18.5,1,115.1,-8.84131,POINT (115.1 -8.84131),12
'5764608310152495669',2.02E+16,-122.21,-12.94,134,115.1,-8.83928,POINT (115.1 -8.83928),12
'5764608310152495671',2.02E+16,-120.04,-13.48,26,115.1,-8.83928,POINT (115.1 -8.83928),12
'5764608310152495676',2.02E+16,-122.55,-15.29,33,115.1,-8.83962,POINT (115.1 -8.83962),12
'5764608310152495679',2.02E+16,-120.07,-11.37,71,115.101,-8.83928,POINT (115.101 -8.83928),12
'5764608310152495685',2.02E+16,-123,-13.5,2,115.098,-8.83792,POINT (115.098 -8.83792),12
'5764608310152495689',2.02E+16,-121.75,-10.5,12,115.099,-8.8386,POINT (115.099 -8.8386),12
'5764608310152495693',2.02E+16,-122.5,-17.18,14,115.099,-8.83792,POINT (115.099 -8.83792),12
'5764608310152495697',2.02E+16,-120.65,-13.39,65,115.098,-8.83724,POINT (115.098 -8.83724),12
'5764608310152495705',2.02E+16,-121.33,-15,6,115.099,-8.83724,POINT (115.099 -8.83724),12
'5764608310152495714',2.02E+16,-121,-9.5,2,115.1,-8.83894,POINT (115.1 -8.838939999999999),12
'5764608310152495720',2.02E+16,-123.17,-14,517,115.1,-8.83894,POINT (115.1 -8.838939999999999),12
'5764608310152495725',2.02E+16,-126.95,-17.38,21,115.1,-8.83792,POINT (115.1 -8.83792),12
'5764608310152495731',2.02E+16,-121,-16.18,39,115.1,-8.83724,POINT (115.1 -8.83724),12
'5764608310152495741',2.02E+16,-120.5,-11.95,28,115.1,-8.83656,POINT (115.1 -8.83656),12
'5764608310152495755',2.02E+16,-120.75,-15.5,12,115.102,-8.84131,POINT (115.102 -8.84131),12
'5764608310152495756',2.02E+16,-120.5,-14,12,115.102,-8.84097,POINT (115.102 -8.84097),12
'5764608310152495797',2.02E+16,-122.12,-14.59,17,115.102,-8.83928,POINT (115.102 -8.83928),12
'5764608310152495819',2.02E+16,-130,-18,3,115.102,-8.8386,POINT (115.102 -8.8386),12
'5764608310152495837',2.02E+16,-121.26,-14.36,54,115.102,-8.83656,POINT (115.102 -8.83656),12
'5764608310152495839',2.02E+16,-124.02,-13.64,149,115.102,-8.83656,POINT (115.102 -8.83656),12
'5764608310152495855',2.02E+16,-121.16,-12.44,25,115.103,-8.83792,POINT (115.103 -8.83792),12
'5764608310152495862',2.02E+16,-122.66,-14.36,261,115.103,-8.8369,POINT (115.103 -8.8369),12
'5764608310152495864',2.02E+16,-123.53,-14.12,17,115.103,-8.83758,POINT (115.103 -8.837580000000001),12
'5764608310152495868',2.02E+16,-121.02,-13.99,426,115.103,-8.8369,POINT (115.103 -8.8369),12
'5764608310152495877',2.02E+16,-121.62,-11.86,71,115.098,-8.83521,POINT (115.098 -8.83521),12
'5764608310152495885',2.02E+16,-120.61,-10.24,23,115.099,-8.83521,POINT (115.099 -8.83521),12
'5764608310152495888',2.02E+16,-121.29,-14.21,7,115.098,-8.83487,POINT (115.098 -8.83487),12
'5764608310152495906',2.02E+16,-120.61,-13.21,82,115.1,-8.83622,POINT (115.1 -8.836219999999999),12
'5764608310152495915',2.02E+16,-120.06,-12.38,70,115.101,-8.83588,POINT (115.101 -8.83588),12
'5764608310152495920',2.02E+16,-121.15,-15.23,69,115.1,-8.83487,POINT (115.1 -8.83487),12
'5764608310152495928',2.02E+16,-120.28,-13.38,54,115.1,-8.83487,POINT (115.1 -8.83487),12
'5764608310152495943',2.02E+16,-120.35,-12.72,74,115.099,-8.83249,POINT (115.099 -8.83249),12
'5764608310152495948',2.02E+16,-120.93,-15.46,41,115.099,-8.83283,POINT (115.099 -8.83283),12
'5764608310152495958',2.02E+16,-120.56,-12.48,32,115.099,-8.83147,POINT (115.099 -8.831469999999999),1
'5764608310152495960',2.02E+16,-121.29,-13.86,7,115.099,-8.83215,POINT (115.099 -8.83215),1
'5764608310152495971',2.02E+16,-122.11,-14,9,115.1,-8.83317,POINT (115.1 -8.833169999999999),12
'5764608310152495979',2.02E+16,-121,-14,4,115.101,-8.83317,POINT (115.101 -8.833169999999999),1
'5764608310152495981',2.02E+16,-121.71,-13.96,383,115.1,-8.83249,POINT (115.1 -8.83249),1
'5764608310152496017',2.02E+16,-123.33,-12.47,15,115.101,-8.83453,POINT (115.101 -8.834530000000001),12
'5764608310152496027',2.02E+16,-123,-14.62,4,115.102,-8.83453,POINT (115.102 -8.834530000000001),12
'5764608310152496052',2.02E+16,-122.89,-15.95,9,115.102,-8.83419,POINT (115.102 -8.83419),12
'5764608310152496054',2.02E+16,-120.39,-12.6,54,115.103,-8.83419,POINT (115.103 -8.83419),1
'5764608310152496069',2.02E+16,-120.75,-20,4,115.101,-8.83249,POINT (115.101 -8.83249),1
'5764608310152496081',2.02E+16,-121.89,-11.98,78,115.101,-8.83181,POINT (115.101 -8.831810000000001),1
'5764608310152496089',2.02E+16,-122.11,-12.04,170,115.102,-8.83181,POINT (115.102 -8.831810000000001),1
'5764608310152496092',2.02E+16,-120.33,-14.08,6,115.102,-8.83147,POINT (115.102 -8.831469999999999),1
'5764608310152496095',2.02E+16,-121.47,-14.53,36,115.102,-8.83113,POINT (115.102 -8.83113),1
'5764608310152496100',2.02E+16,-123.29,-14.46,94,115.102,-8.83283,POINT (115.102 -8.83283),1
'5764608310152496101',2.02E+16,-122,-11.25,2,115.102,-8.83249,POINT (115.102 -8.83249),1
'5764608310152496117',2.02E+16,-120.83,-12.12,30,115.102,-8.83113,POINT (115.102 -8.83113),1
'5764608310152496133',2.02E+16,-125,-16.5,2,115.093,-8.82978,POINT (115.093 -8.82978),6
'5764608310152496138',2.02E+16,-124.72,-17.86,7,115.094,-8.8308,POINT (115.094 -8.8308),6
'5764608310152496139',2.02E+16,-123.39,-16.94,26,115.094,-8.83046,POINT (115.094 -8.83046),6
'5764608310152496140',2.02E+16,-121.5,-14.83,6,115.093,-8.83012,POINT (115.093 -8.830119999999999),6
'5764608310152496153',2.02E+16,-124.2,-17.8,5,115.093,-8.8291,POINT (115.093 -8.8291),6
'5764608310152496166',2.02E+16,-120.11,-14.28,92,115.094,-8.83012,POINT (115.094 -8.830119999999999),6
'5764608310152496168',2.02E+16,-130,-14,3,115.095,-8.8308,POINT (115.095 -8.8308),6
'5764608310152496174',2.02E+16,-120.69,-9.64,119,115.095,-8.83012,POINT (115.095 -8.830119999999999),6
'5764608310152496214',2.02E+16,-120.2,-17.3,5,115.093,-8.82605,POINT (115.093 -8.82605),6
'5764608310152496226',2.02E+16,-120.92,-15.52,95,115.094,-8.82808,POINT (115.094 -8.82808),6
'5764608310152496234',2.02E+16,-120.78,-14.06,9,115.095,-8.82808,POINT (115.095 -8.82808),6
'5764608310152496236',2.02E+16,-121.17,-18.56,3789,115.095,-8.8274,POINT (115.095 -8.827400000000001),6
'5764608310152496242',2.02E+16,-121.07,-13.67,681,115.094,-8.82672,POINT (115.094 -8.82672),6
'5764608310152496263',2.02E+16,-123.81,-17.14,32,115.096,-8.82978,POINT (115.096 -8.82978),6
'5764608310152496269',2.02E+16,-121,-13.42,6,115.096,-8.82978,POINT (115.096 -8.82978),6
'5764608310152496280',2.02E+16,-120.73,-15.91,11,115.096,-8.82944,POINT (115.096 -8.82944),6
'5764608310152496294',2.02E+16,-120.44,-16.12,16,115.097,-8.83012,POINT (115.097 -8.830119999999999),6
'5764608310152496297',2.02E+16,-122.24,-12.3,171,115.098,-8.83046,POINT (115.098 -8.83046),6
'5764608310152496308',2.02E+16,-122.88,-16.94,8,115.097,-8.82876,POINT (115.097 -8.828760000000001),6
'5764608310152496313',2.02E+16,-121.7,-16.98,64,115.098,-8.8291,POINT (115.098 -8.8291),6
'5764608310152496317',2.02E+16,-122.11,-16.06,9,115.098,-8.82842,POINT (115.098 -8.828419999999999),6
'5764608310152496324',2.02E+16,-121.18,-17.81,1124,115.096,-8.8274,POINT (115.096 -8.827400000000001),6
'5764608310152496326',2.02E+16,-120.98,-18.52,1859,115.096,-8.8274,POINT (115.096 -8.827400000000001),6
'5764608310152496327',2.02E+16,-120.5,-18.4,1019,115.096,-8.82706,POINT (115.096 -8.827060000000001),6
'5764608310152496345',2.02E+16,-122.25,-17.28,16,115.096,-8.82638,POINT (115.096 -8.82638),6
'5764608310152496354',2.02E+16,-125.25,-17.75,4,115.097,-8.82808,POINT (115.097 -8.82808),6
'5764608310152496361',2.02E+16,-124.2,-15.1,5,115.098,-8.82774,POINT (115.098 -8.827739999999999),6
'5764608310152496362',2.02E+16,-121.2,-16.24,197,115.098,-8.82808,POINT (115.098 -8.82808),6
'5764608310152496367',2.02E+16,-120.48,-16.41,5045,115.098,-8.82706,POINT (115.098 -8.827060000000001),6
'5764608310152496368',2.02E+16,-120.27,-15.79,157,115.097,-8.82672,POINT (115.097 -8.82672),6
'5764608310152496369',2.02E+16,-120.2,-13.14,54,115.097,-8.82638,POINT (115.097 -8.82638),6
'5764608310152496370',2.02E+16,-121.9,-14.95,48,115.097,-8.82672,POINT (115.097 -8.82672),6
'5764608310152496371',2.02E+16,-122,-13.86,7,115.097,-8.82638,POINT (115.097 -8.82638),6
'5764608310152496372',2.02E+16,-120.31,-14.36,571,115.097,-8.82605,POINT (115.097 -8.82605),6
'5764608310152496392',2.02E+16,-121.4,-15.5,20,115.093,-8.82537,POINT (115.093 -8.825369999999999),6
'5764608310152496405',2.02E+16,-121.24,-17.88,29,115.093,-8.82299,POINT (115.093 -8.822989999999999),10
'5764608310152496523',2.02E+16,-122.13,-14.8,234,115.097,-8.82503,POINT (115.097 -8.82503),6
'5764608310152496547',2.02E+16,-121.11,-12.68,46,115.097,-8.82503,POINT (115.097 -8.82503),6
'5764608310152496552',2.02E+16,-120.28,-14.4,464,115.098,-8.82537,POINT (115.098 -8.825369999999999),6
'5764608310152496643',2.02E+16,-121.73,-13.79,41,115.099,-8.83046,POINT (115.099 -8.83046),1
'5764608310152496644',2.02E+16,-122.99,-18.72,90,115.098,-8.83012,POINT (115.098 -8.830119999999999),6
'5764608310152496669',2.02E+16,-120.92,-14.94,81,115.099,-8.82842,POINT (115.099 -8.828419999999999),1
'5764608310152496691',2.02E+16,-125,-16,3,115.1,-8.8291,POINT (115.1 -8.8291),1
'5764608310152496694',2.02E+16,-129.5,-19.62,4,115.1,-8.82876,POINT (115.1 -8.828760000000001),1
'5764608310152496701',2.02E+16,-121.39,-17.23,41,115.1,-8.82842,POINT (115.1 -8.828419999999999),1
'5764608310152496705',2.02E+16,-122.46,-16.1,178,115.098,-8.82774,POINT (115.098 -8.827739999999999),6
'5764608310152496707',2.02E+16,-120.88,-11.81,8,115.099,-8.82774,POINT (115.099 -8.827739999999999),1
'5764608310152496710',2.02E+16,-120.18,-16.37,98,115.099,-8.8274,POINT (115.099 -8.827400000000001),1
'5764608310152496718',2.02E+16,-120.89,-15.72,27,115.099,-8.8274,POINT (115.099 -8.827400000000001),1
'5764608310152496726',2.02E+16,-124.3,-19.85,10,115.099,-8.82605,POINT (115.099 -8.82605),1
'5764608310152496739',2.02E+16,-120.09,-15.23,11,115.1,-8.82774,POINT (115.1 -8.827739999999999),1
'5764608310152496764',2.02E+16,-121.83,-12.53,1039,115.1,-8.82605,POINT (115.1 -8.82605),1
'5764608310152496771',2.02E+16,-121.14,-12.36,7,115.101,-8.83046,POINT (115.101 -8.83046),1
'5764608310152496790',2.02E+16,-120.06,-19.54,258,115.101,-8.82876,POINT (115.101 -8.828760000000001),1
'5764608310152496796',2.02E+16,-120.7,-13.85,10,115.102,-8.82876,POINT (115.102 -8.828760000000001),1
'5764608310152496799',2.02E+16,-120.5,-12.7,40,115.102,-8.82842,POINT (115.102 -8.828419999999999),1
'5764608310152496809',2.02E+16,-120.12,-13.03,74,115.103,-8.83046,POINT (115.103 -8.83046),1
'5764608310152496816',2.02E+16,-120.24,-12.7,50,115.102,-8.82944,POINT (115.102 -8.82944),1
'5764608310152496818',2.02E+16,-122.26,-12.4,31,115.103,-8.82944,POINT (115.103 -8.82944),1
'5764608310152496819',2.02E+16,-124.5,-17.95,10,115.103,-8.8291,POINT (115.103 -8.8291),1
'5764608310152496823',2.02E+16,-120.5,-10.75,12,115.103,-8.82842,POINT (115.103 -8.828419999999999),1
'5764608310152496824',2.02E+16,-120.93,-12.57,14,115.103,-8.82944,POINT (115.103 -8.82944),1
'5764608310152496833',2.02E+16,-123.92,-13.62,12,115.101,-8.82774,POINT (115.101 -8.827739999999999),1
'5764608310152496846',2.02E+16,-120.13,-11.65,903,115.102,-8.8274,POINT (115.102 -8.827400000000001),1
'5764608310152496850',2.02E+16,-120.9,-11.67,507,115.101,-8.82672,POINT (115.101 -8.82672),1
'5764608310152496852',2.02E+16,-120.97,-12.69,616,115.101,-8.82605,POINT (115.101 -8.82605),1
'5764608310152496853',2.02E+16,-120.77,-13.86,592,115.101,-8.82571,POINT (115.101 -8.825710000000001),1
'5764608310152496856',2.02E+16,-121.47,-15.15,34,115.102,-8.82672,POINT (115.102 -8.82672),1
'5764608310152496860',2.02E+16,-121.76,-12.68,378,115.102,-8.82605,POINT (115.102 -8.82605),1
'5764608310152496870',2.02E+16,-120.88,-18.88,8,115.103,-8.8274,POINT (115.103 -8.827400000000001),1
'5764608310152496877',2.02E+16,-120.43,-11,437,115.103,-8.82706,POINT (115.103 -8.827060000000001),1
'5764608310152496878',2.02E+16,-123.5,-13.12,4,115.103,-8.8274,POINT (115.103 -8.827400000000001),1
'5764608310152496885',2.02E+16,-121.53,-14.92,19,115.102,-8.82571,POINT (115.102 -8.825710000000001),1
'5764608310152496889',2.02E+16,-124.57,-13.21,7,115.103,-8.82638,POINT (115.103 -8.82638),1
'5764608310152496891',2.02E+16,-124.6,-14.8,5,115.103,-8.82638,POINT (115.103 -8.82638),1
'5764608310152496897',2.02E+16,-120.42,-13.34,779,115.098,-8.82503,POINT (115.098 -8.82503),6
'5764608310152496898',2.02E+16,-122.89,-15.93,402,115.099,-8.82537,POINT (115.099 -8.825369999999999),1
'5764608310152496950',2.02E+16,-120.91,-12.48,666,115.1,-8.82333,POINT (115.1 -8.82333),1
'5764608310152496952',2.02E+16,-120.8,-14.19,910,115.1,-8.82401,POINT (115.1 -8.824010000000001),1
'5764608310152496954',2.02E+16,-121.33,-13.38,30,115.101,-8.82401,POINT (115.101 -8.824010000000001),1
'5764608310152496972',2.02E+16,-120.37,-11.46,147,115.099,-8.82197,POINT (115.099 -8.82197),4
'5764608310152497043',2.02E+16,-120.28,-15.49,1077,115.101,-8.82367,POINT (115.101 -8.82367),1
'5764608310152497048',2.02E+16,-120.95,-18.57,3134,115.102,-8.82401,POINT (115.102 -8.824010000000001),1
'5764608310152497065',2.02E+16,-120.99,-16.48,67,115.103,-8.82503,POINT (115.103 -8.82503),1
'5764608310152497123',2.02E+16,-127,-17,2,115.103,-8.82231,POINT (115.103 -8.82231),4
'5764608310152497144',2.02E+16,-120.2,-19.1,5,115.103,-8.82129,POINT (115.103 -8.821289999999999),4
'5764608310152497170',2.02E+16,-121.3,-12.44,33,115.104,-8.84029,POINT (115.104 -8.84029),11
'5764608310152497171',2.02E+16,-120.33,-12.08,6,115.104,-8.83995,POINT (115.104 -8.83995),11
'5764608310152497189',2.02E+16,-120.04,-11.8,178,115.105,-8.84063,POINT (115.105 -8.840630000000001),11
'5764608310152497195',2.02E+16,-129,-14.5,4,115.106,-8.84131,POINT (115.106 -8.84131),11
'5764608310152497197',2.02E+16,-122,-13.74,36,115.106,-8.84063,POINT (115.106 -8.840630000000001),11
'5764608310152497202',2.02E+16,-120.5,-14.85,10,115.105,-8.84029,POINT (115.105 -8.84029),11
'5764608310152497206',2.02E+16,-129.5,-13.88,4,115.105,-8.83962,POINT (115.105 -8.83962),11
'5764608310152497209',2.02E+16,-122.73,-12.73,15,115.106,-8.83995,POINT (115.106 -8.83995),11
'5764608310152497231',2.02E+16,-120.03,-15.9,107,115.105,-8.83792,POINT (115.105 -8.83792),11
'5764608310152497239',2.02E+16,-127.78,-14.28,9,115.104,-8.83656,POINT (115.104 -8.83656),12
'5764608310152497285',2.02E+16,-120.82,-14.33,112,115.107,-8.84063,POINT (115.107 -8.840630000000001),11
'5764608310152497317',2.02E+16,-122.6,-16.3,5,115.108,-8.84063,POINT (115.108 -8.840630000000001),11
'5764608310152497327',2.02E+16,-122,-14.46,23,115.109,-8.84063,POINT (115.109 -8.840630000000001),11
'5764608310152497329',2.02E+16,-120.77,-18.57,22,115.108,-8.83995,POINT (115.108 -8.83995),11
'5764608310152497341',2.02E+16,-128,-18.62,4,115.109,-8.83928,POINT (115.109 -8.83928),11
'5764608310152497351',2.02E+16,-120.76,-11.62,413,115.107,-8.83792,POINT (115.107 -8.83792),11
'5764608310152497355',2.02E+16,-122,-16.5,2,115.108,-8.8386,POINT (115.108 -8.8386),11
'5764608310152497407',2.02E+16,-120.96,-12.21,485,115.109,-8.83656,POINT (115.109 -8.83656),11
'5764608310152497472',2.02E+16,-122,-14.73,56,115.104,-8.83351,POINT (115.104 -8.83351),1
'5764608310152497504',2.02E+16,-120.85,-13.31,46,115.105,-8.83351,POINT (115.105 -8.83351),1
'5764608310152497565',2.02E+16,-122.45,-12.88,118,115.107,-8.83385,POINT (115.107 -8.83385),1
'5764608310152497613',2.02E+16,-120.82,-11.5,11,115.107,-8.83249,POINT (115.107 -8.83249),1
'5764608310152497648',2.02E+16,-120.98,-13.31,268,115.108,-8.83215,POINT (115.108 -8.83215),1
'5764608310152497655',2.02E+16,-121.48,-12.86,136,115.108,-8.83113,POINT (115.108 -8.83113),1
'5764608310152497673',2.02E+16,-121,-13.73,15,115.11,-8.84131,POINT (115.11 -8.84131),11
'5764608310152497690',2.02E+16,-121.25,-12.95,28,115.11,-8.84029,POINT (115.11 -8.84029),11
'5764608310152497794',2.02E+16,-123,-16.62,8,115.112,-8.84165,POINT (115.112 -8.84165),11
'5764608310152497805',2.02E+16,-124.57,-15.36,7,115.113,-8.84063,POINT (115.113 -8.840630000000001),11
'5764608310152497832',2.02E+16,-123.87,-16.09,16,115.114,-8.84165,POINT (115.114 -8.84165),11
'5764608310152497941',2.02E+16,-121,-20,5,115.109,-8.83385,POINT (115.109 -8.83385),11
'5764608310152498036',2.02E+16,-120.72,-12.72,2132,115.111,-8.83147,POINT (115.111 -8.831469999999999),8
'5764608310152498123',2.02E+16,-123.77,-17.35,43,115.113,-8.83317,POINT (115.113 -8.833169999999999),3
'5764608310152498150',2.02E+16,-124.43,-16.64,14,115.114,-8.83283,POINT (115.114 -8.83283),3
'5764608310152498185',2.02E+16,-122.67,-13.58,6,115.104,-8.83046,POINT (115.104 -8.83046),1
'5764608310152498228',2.02E+16,-121.98,-11.89,575,115.105,-8.82876,POINT (115.105 -8.828760000000001),1
'5764608310152498229',2.02E+16,-121.86,-14.02,434,115.105,-8.82842,POINT (115.105 -8.828419999999999),1
'5764608310152498231',2.02E+16,-122.08,-12.13,553,115.105,-8.82842,POINT (115.105 -8.828419999999999),1
'5764608310152498237',2.02E+16,-120.42,-13.93,67,115.106,-8.82842,POINT (115.106 -8.828419999999999),1
'5764608310152498244',2.02E+16,-121.34,-12.12,9,115.104,-8.8274,POINT (115.104 -8.827400000000001),1
'5764608310152498250',2.02E+16,-120.93,-16.79,14,115.105,-8.82808,POINT (115.105 -8.82808),1
'5764608310152498264',2.02E+16,-120.05,-16.91,22,115.104,-8.82672,POINT (115.104 -8.82672),1
'5764608310152498272',2.02E+16,-121.89,-13.61,484,115.105,-8.82808,POINT (115.105 -8.82808),1
'5764608310152498274',2.02E+16,-121.79,-14.6,306,115.105,-8.82808,POINT (115.105 -8.82808),1
'5764608310152498284',2.02E+16,-120.82,-16.76,375,115.106,-8.8274,POINT (115.106 -8.827400000000001),1
'5764608310152498289',2.02E+16,-121.88,-14.19,8,115.105,-8.82638,POINT (115.105 -8.82638),1
'5764608310152498290',2.02E+16,-120.51,-13.8,376,115.105,-8.82672,POINT (115.105 -8.82672),1
'5764608310152498294',2.02E+16,-121.5,-17.69,54,115.105,-8.82605,POINT (115.105 -8.82605),1
'5764608310152498360',2.02E+16,-120.25,-12.43,2273,115.109,-8.82944,POINT (115.109 -8.82944),8
'5764608310152498365',2.02E+16,-121.26,-12.41,1031,115.109,-8.82842,POINT (115.109 -8.828419999999999),8
'5764608310152498390',2.02E+16,-120.53,-16.35,375,115.107,-8.82605,POINT (115.107 -8.82605),8
'5764608310152498391',2.02E+16,-123.45,-18.64,11,115.107,-8.82571,POINT (115.107 -8.825710000000001),8
'5764608310152498393',2.02E+16,-120.16,-15.07,474,115.107,-8.82638,POINT (115.107 -8.82638),8
'5764608310152498421',2.02E+16,-123.71,-12.95,104,115.108,-8.82571,POINT (115.108 -8.825710000000001),8
'5764608310152498422',2.02E+16,-120.01,-14.05,277,115.108,-8.82605,POINT (115.108 -8.82605),8
'5764608310152498424',2.02E+16,-120.95,-13.59,257,115.109,-8.82672,POINT (115.109 -8.82672),8
'5764608310152498435',2.02E+16,-123.1,-12.9,10,115.104,-8.82503,POINT (115.104 -8.82503),1
'5764608310152498454',2.02E+16,-122.35,-13.4,31,115.104,-8.82333,POINT (115.104 -8.82333),1
'5764608310152498457',2.02E+16,-121.27,-12.91,11,115.104,-8.82367,POINT (115.104 -8.82367),1
'5764608310152498472',2.02E+16,-122.75,-18.38,4,115.106,-8.82537,POINT (115.106 -8.825369999999999),8
'5764608310152498482',2.02E+16,-120.63,-14.91,155,115.105,-8.82401,POINT (115.105 -8.824010000000001),8
'5764608310152498488',2.02E+16,-121,-18,2,115.106,-8.82401,POINT (115.106 -8.824010000000001),8
'5764608310152498525',2.02E+16,-121.11,-14.65,858,115.104,-8.82028,POINT (115.104 -8.82028),4
'5764608310152498536',2.02E+16,-125,-20,2,115.106,-8.82265,POINT (115.106 -8.822649999999999),8
'5764608310152498550',2.02E+16,-124.11,-16.78,46,115.105,-8.82062,POINT (115.105 -8.82062),4
'5764608310152498551',2.02E+16,-120.45,-12.75,3146,115.105,-8.82028,POINT (115.105 -8.82028),4
'5764608310152498557',2.02E+16,-120.1,-12.25,3356,115.106,-8.82028,POINT (115.106 -8.82028),4
'5764608310152498563',2.02E+16,-121.97,-13.71,243,115.107,-8.82503,POINT (115.107 -8.82503),8
'5764608310152498564',2.02E+16,-120.78,-17.21,158,115.107,-8.82469,POINT (115.107 -8.824689999999999),8
'5764608310152498567',2.02E+16,-124.5,-17.33,12,115.107,-8.82435,POINT (115.107 -8.824350000000001),8
'5764608310152498584',2.02E+16,-122.77,-17.69,71,115.107,-8.82401,POINT (115.107 -8.824010000000001),8
'5764608310152498585',2.02E+16,-121.68,-16.53,98,115.107,-8.82367,POINT (115.107 -8.82367),8
'5764608310152498587',2.02E+16,-122.21,-15.66,228,115.108,-8.82367,POINT (115.108 -8.82367),8
'5764608310152498594',2.02E+16,-120.67,-14.17,998,115.108,-8.82537,POINT (115.108 -8.825369999999999),8
'5764608310152498595',2.02E+16,-120.13,-12.94,1159,115.108,-8.82503,POINT (115.108 -8.82503),8
'5764608310152498598',2.02E+16,-120.39,-12.96,673,115.108,-8.82469,POINT (115.108 -8.824689999999999),8
'5764608310152498599',2.02E+16,-120.65,-13.09,725,115.108,-8.82435,POINT (115.108 -8.824350000000001),8
'5764608310152498610',2.02E+16,-122.48,-14.93,80,115.108,-8.82401,POINT (115.108 -8.824010000000001),8
'5764608310152498613',2.02E+16,-120.61,-14.45,23,115.108,-8.82299,POINT (115.108 -8.822989999999999),8
'5764608310152498616',2.02E+16,-120.46,-15.28,50,115.109,-8.82401,POINT (115.109 -8.824010000000001),8
'5764608310152498617',2.02E+16,-120.72,-14.35,380,115.109,-8.82367,POINT (115.109 -8.82367),8
'5764608310152498619',2.02E+16,-129,-16.5,5,115.109,-8.82367,POINT (115.109 -8.82367),8
'5764608310152498620',2.02E+16,-121.18,-17.1,590,115.109,-8.82333,POINT (115.109 -8.82333),8
'5764608310152498646',2.02E+16,-120.58,-13.37,12,115.107,-8.82062,POINT (115.107 -8.82062),8
'5764608310152498681',2.02E+16,-122.86,-14.11,28,115.109,-8.82096,POINT (115.109 -8.820960000000001),8
'5764608310152498704',2.02E+16,-120.86,-13.99,390,115.109,-8.82944,POINT (115.109 -8.82944),8
'5764608310152498731',2.02E+16,-120.11,-12.18,53,115.112,-8.83046,POINT (115.112 -8.83046),8
'5764608310152498748',2.02E+16,-120.23,-12.96,352,115.111,-8.82876,POINT (115.111 -8.828760000000001),8
'5764608310152498759',2.02E+16,-120.44,-16.97,16,115.11,-8.82706,POINT (115.11 -8.827060000000001),8
'5764608310152498771',2.02E+16,-121,-13.43,37,115.11,-8.82638,POINT (115.11 -8.82638),8
'5764608310152498834',2.02E+16,-120.31,-15.97,133,115.112,-8.82944,POINT (115.112 -8.82944),8
'5764608310152498916',2.02E+16,-128.1,-19.15,20,115.113,-8.8274,POINT (115.113 -8.827400000000001),8
'5764608310152498923',2.02E+16,-121.78,-14.74,23,115.114,-8.82774,POINT (115.114 -8.827739999999999),3
'5764608310152498926',2.02E+16,-120.23,-14.78,304,115.114,-8.8274,POINT (115.114 -8.827400000000001),3
'5764608310152498956',2.02E+16,-120.6,-13.78,1430,115.11,-8.82469,POINT (115.11 -8.824689999999999),8
'5764608310152498962',2.02E+16,-120.69,-13.47,319,115.11,-8.82401,POINT (115.11 -8.824010000000001),8
'5764608310152498966',2.02E+16,-121.14,-15.47,35,115.11,-8.82333,POINT (115.11 -8.82333),8
'5764608310152498972',2.02E+16,-123.12,-12.64,42,115.11,-8.82333,POINT (115.11 -8.82333),8
'5764608310152498981',2.02E+16,-120.32,-16.84,28,115.111,-8.82435,POINT (115.111 -8.824350000000001),8
'5764608310152498992',2.02E+16,-123.87,-18.09,47,115.111,-8.82401,POINT (115.111 -8.824010000000001),8
'5764608310152498998',2.02E+16,-120.54,-13.04,473,115.111,-8.82333,POINT (115.111 -8.82333),8
'5764608310152499025',2.02E+16,-123,-12.5,1,115.109,-8.82096,POINT (115.109 -8.820960000000001),8
'5764608310152499033',2.02E+16,-122.24,-11.43,45,115.11,-8.82096,POINT (115.11 -8.820960000000001),8
'5764608310152499035',2.02E+16,-122.1,-11.5,63,115.11,-8.82096,POINT (115.11 -8.820960000000001),8
'5764608310152499038',2.02E+16,-122.81,-11.43,36,115.11,-8.82062,POINT (115.11 -8.82062),8
'5764608310152499044',2.02E+16,-120.69,-16.58,13,115.111,-8.82197,POINT (115.111 -8.82197),8
'5764608310152499056',2.02E+16,-123.82,-11.19,90,115.111,-8.82129,POINT (115.111 -8.821289999999999),8
'5764608310152499057',2.02E+16,-120.85,-9.76,68,115.111,-8.82096,POINT (115.111 -8.820960000000001),8
'5764608310152499104',2.02E+16,-121.72,-14.37,239,115.113,-8.82537,POINT (115.113 -8.825369999999999),8
'5764608310152499107',2.02E+16,-120.46,-14.62,385,115.114,-8.82503,POINT (115.114 -8.82503),8
'5764608310152499170',2.02E+16,-121.3,-12.81,201,115.114,-8.82265,POINT (115.114 -8.822649999999999),8
'5764608310152499192',2.02E+16,-121.28,-13.38,2173,115.114,-8.82129,POINT (115.114 -8.821289999999999),8
'5764608310152499264',2.02E+16,-123.07,-17.15,30,115.093,-8.81722,POINT (115.093 -8.817219999999999),10
'5764608310152499284',2.02E+16,-123.85,-14.75,40,115.093,-8.81519,POINT (115.093 -8.815189999999999),10
'5764608310152499621',2.02E+16,-123.42,-14.87,234,115.097,-8.81349,POINT (115.097 -8.81349),4
'5764608310152499750',2.02E+16,-121.62,-11.54,13,115.1,-8.81926,POINT (115.1 -8.81926),4
'5764608310152499768',2.02E+16,-125,-16.25,8,115.1,-8.81858,POINT (115.1 -8.818580000000001),4
'5764608310152499939',2.02E+16,-121,-18.5,2,115.103,-8.81688,POINT (115.103 -8.816880000000001),4
'5764608310152499989',2.02E+16,-121.46,-16.5,13,115.098,-8.81213,POINT (115.098 -8.81213),4
'5764608310152500040',2.02E+16,-128,-14.38,4,115.099,-8.8118,POINT (115.099 -8.8118),4
'5764608310152500065',2.02E+16,-120.45,-15.62,352,115.1,-8.81146,POINT (115.1 -8.81146),4
'5764608310152500132',2.02E+16,-123.2,-14.61,54,115.102,-8.81383,POINT (115.102 -8.813830000000001),4
'5764608310152500140',2.02E+16,-120.82,-13.98,654,115.103,-8.81383,POINT (115.103 -8.813830000000001),4
'5764608310152500146',2.02E+16,-120.41,-18.2,17,115.103,-8.81315,POINT (115.103 -8.81315),4
'5764608310152500149',2.02E+16,-121.68,-14.6,34,115.102,-8.81213,POINT (115.102 -8.81213),4
'5764608310152500153',2.02E+16,-121.7,-14.98,863,115.103,-8.81281,POINT (115.103 -8.812810000000001),4
'5764608310152501253',2.02E+16,-120.67,-19.77,9,115.104,-8.81892,POINT (115.104 -8.81892),4
'5764608310152501257',2.02E+16,-120.84,-14.15,56,115.104,-8.8196,POINT (115.104 -8.819599999999999),4
'5764608310152501261',2.02E+16,-127,-18.25,4,115.104,-8.81892,POINT (115.104 -8.81892),4
'5764608310152501262',2.02E+16,-120.9,-15.61,103,115.105,-8.81926,POINT (115.105 -8.81926),4
'5764608310152501270',2.02E+16,-122.5,-19.5,2,115.104,-8.8179,POINT (115.104 -8.8179),4
'5764608310152501343',2.02E+16,-123.25,-18.25,4,115.105,-8.81485,POINT (115.105 -8.81485),4
'5764608310152501346',2.02E+16,-120.75,-20,4,115.105,-8.81722,POINT (115.105 -8.817219999999999),4
'5764608310152501364',2.02E+16,-121.69,-18.74,49,115.105,-8.81519,POINT (115.105 -8.815189999999999),4
'5764608310152501407',2.02E+16,-122.09,-17.61,22,115.108,-8.81756,POINT (115.108 -8.81756),4
'5764608310152501445',2.02E+16,-122.8,-19.4,5,115.107,-8.81621,POINT (115.107 -8.81621),4
'5764608310152501479',2.02E+16,-121.95,-14.84,19,115.108,-8.81621,POINT (115.108 -8.81621),4
'5764608310152501523',2.02E+16,-120.7,-14.6,10,115.104,-8.81281,POINT (115.104 -8.812810000000001),4
'5764608310152501527',2.02E+16,-121.66,-14.62,65,115.104,-8.81213,POINT (115.104 -8.81213),4
'5764608310152501533',2.02E+16,-122.86,-15.68,14,115.104,-8.81213,POINT (115.104 -8.81213),4
'5764608310152501563',2.02E+16,-128.8,-18.7,5,115.106,-8.81281,POINT (115.106 -8.812810000000001),4
'5764608310152501580',2.02E+16,-120.86,-15.92,253,115.104,-8.81112,POINT (115.104 -8.811119999999999),4
'5764608310152501770',2.02E+16,-125.04,-14.78,23,115.11,-8.81994,POINT (115.11 -8.819939999999999),8
'5764608310152501787',2.02E+16,-123.75,-16.25,4,115.11,-8.81824,POINT (115.11 -8.818239999999999),8
'5764608310152501796',2.02E+16,-122.16,-17.58,100,115.111,-8.81926,POINT (115.111 -8.81926),8
'5764608310152501906',2.02E+16,-122.15,-18.08,13,115.112,-8.81858,POINT (115.112 -8.818580000000001),8
'5764608310152501931',2.02E+16,-122,-18,4,115.114,-8.8196,POINT (115.114 -8.819599999999999),8
'5764608310152502833',2.02E+16,-120.34,-18.08,27,115.111,-8.80739,POINT (115.111 -8.80739),13
'5764608310152503701',2.02E+16,-120.47,-11.82,1198,115.117,-8.83385,POINT (115.117 -8.83385),3
'5764608310152503804',2.02E+16,-122.56,-11.38,975,115.12,-8.83147,POINT (115.12 -8.831469999999999),3
'5764608310152504149',2.02E+16,-121,-11.79,4159,115.12,-8.83113,POINT (115.12 -8.83113),3
'5764608310152504155',2.02E+16,-121.89,-11.41,2727,115.121,-8.83181,POINT (115.121 -8.831810000000001),3
'5764608310152504157',2.02E+16,-120.78,-11.56,608,115.121,-8.83113,POINT (115.121 -8.83113),3
'5764608310152504349',2.02E+16,-124.57,-14.09,21,115.115,-8.82842,POINT (115.115 -8.828419999999999),3
'5764608310152504351',2.02E+16,-120.09,-14.84,101,115.116,-8.82842,POINT (115.116 -8.828419999999999),3
'5764608310152504372',2.02E+16,-120.5,-19.88,4,115.116,-8.82876,POINT (115.116 -8.828760000000001),3
'5764608310152504385',2.02E+16,-122,-14.83,6,115.115,-8.82774,POINT (115.115 -8.827739999999999),3
'5764608310152504444',2.02E+16,-120.23,-13.82,363,115.117,-8.82605,POINT (115.117 -8.82605),3
'5764608310152504445',2.02E+16,-124.67,-16,12,115.117,-8.82571,POINT (115.117 -8.825710000000001),3
'5764608310152504447',2.02E+16,-121.37,-13.49,838,115.117,-8.82571,POINT (115.117 -8.825710000000001),3
'5764608310152504450',2.02E+16,-120.64,-10.93,14,115.118,-8.8308,POINT (115.118 -8.8308),3
'5764608310152504454',2.02E+16,-121.69,-14.24,35,115.118,-8.83012,POINT (115.118 -8.830119999999999),3
'5764608310152504468',2.02E+16,-121,-17.75,2,115.117,-8.82876,POINT (115.117 -8.828760000000001),3
'5764608310152504471',2.02E+16,-122.54,-18.46,39,115.118,-8.82842,POINT (115.118 -8.828419999999999),3
'5764608310152504477',2.02E+16,-120.07,-16.6,30,115.118,-8.82842,POINT (115.118 -8.828419999999999),3
'5764608310152504493',2.02E+16,-120.08,-14,171,115.12,-8.82978,POINT (115.12 -8.82978),3
'5764608310152504494',2.02E+16,-121.39,-16.15,156,115.12,-8.83012,POINT (115.12 -8.830119999999999),3
'5764608310152504503',2.02E+16,-120.75,-13.46,12,115.119,-8.82842,POINT (115.119 -8.828419999999999),3
'5764608310152504508',2.02E+16,-120.87,-15.09,439,115.12,-8.82876,POINT (115.12 -8.828760000000001),3
'5764608310152504524',2.02E+16,-122.81,-14.4,83,115.118,-8.8274,POINT (115.118 -8.827400000000001),3
'5764608310152504527',2.02E+16,-120.79,-15.53,190,115.119,-8.82706,POINT (115.119 -8.827060000000001),3
'5764608310152504534',2.02E+16,-121.13,-15.53,80,115.118,-8.82605,POINT (115.118 -8.82605),3
'5764608310152504546',2.02E+16,-124.7,-13,10,115.119,-8.82808,POINT (115.119 -8.82808),3
'5764608310152504561',2.02E+16,-120.84,-15.85,88,115.119,-8.82638,POINT (115.119 -8.82638),3
'5764608310152504562',2.02E+16,-121.75,-17.08,93,115.119,-8.82672,POINT (115.119 -8.82672),3
'5764608310152504567',2.02E+16,-122.33,-20,3,115.119,-8.82571,POINT (115.119 -8.825710000000001),3
'5764608310152504569',2.02E+16,-120.5,-14.99,48,115.12,-8.82638,POINT (115.12 -8.82638),3
'5764608310152504595',2.02E+16,-120.41,-14.93,143,115.115,-8.82367,POINT (115.115 -8.82367),8
'5764608310152504598',2.02E+16,-120.35,-14.81,570,115.115,-8.82333,POINT (115.115 -8.82333),8
'5764608310152504712',2.02E+16,-120.17,-12.85,40,115.118,-8.82537,POINT (115.118 -8.825369999999999),3
'5764608310152504721',2.02E+16,-121.06,-15.22,109,115.117,-8.82367,POINT (115.117 -8.82367),3
'5764608310152504744',2.02E+16,-120.97,-14.92,67,115.12,-8.82537,POINT (115.12 -8.825369999999999),3
'5764608310152504751',2.02E+16,-120.16,-15.04,183,115.12,-8.82435,POINT (115.12 -8.824350000000001),3
'5764608310152504758',2.02E+16,-120.57,-10.43,7,115.119,-8.82333,POINT (115.119 -8.82333),3
'5764608310152504761',2.02E+16,-124.25,-18.56,36,115.12,-8.82367,POINT (115.12 -8.82367),3
'5764608310152504775',2.02E+16,-120.66,-14.19,8653,115.118,-8.82164,POINT (115.118 -8.821639999999999),3
'5764608310152504863',2.02E+16,-120.59,-13.2,51,115.121,-8.82842,POINT (115.121 -8.828419999999999),3
'5764608310152504907',2.02E+16,-123.76,-11.16,46,115.121,-8.82774,POINT (115.121 -8.827739999999999),3
'5764608310152504911',2.02E+16,-120.4,-14.63,250,115.121,-8.82706,POINT (115.121 -8.827060000000001),3
'5764608310152504912',2.02E+16,-123.17,-13.96,42,115.12,-8.82672,POINT (115.12 -8.82672),3
'5764608310152504937',2.02E+16,-126,-16.25,2,115.122,-8.82774,POINT (115.122 -8.827739999999999),3
'5764608310152504945',2.02E+16,-120.07,-10.46,613,115.122,-8.82638,POINT (115.122 -8.82638),3
'5764608310152504997',2.02E+16,-122.09,-12.65,2844,115.124,-8.82978,POINT (115.124 -8.82978),3
'5764608310152505009',2.02E+16,-120.16,-14.53,161,115.124,-8.8291,POINT (115.124 -8.8291),3
'5764608310152505022',2.02E+16,-121.74,-14.23,72,115.125,-8.82876,POINT (115.125 -8.828760000000001),9
'5764608310152505055',2.02E+16,-128.6,-17.8,5,115.124,-8.82571,POINT (115.124 -8.825710000000001),9
'5764608310152505063',2.02E+16,-120.43,-15.78,81,115.125,-8.82706,POINT (115.125 -8.827060000000001),9
'5764608310152505080',2.02E+16,-120.13,-10.93,687,115.125,-8.82672,POINT (115.125 -8.82672),9
'5764608310152505081',2.02E+16,-123.55,-17.35,731,115.125,-8.82638,POINT (115.125 -8.82638),9
'5764608310152505082',2.02E+16,-120.93,-14.87,27,115.125,-8.82672,POINT (115.125 -8.82672),9
'5764608310152505087',2.02E+16,-124.14,-18.49,560,115.125,-8.82571,POINT (115.125 -8.825710000000001),9
'5764608310152505119',2.02E+16,-120.39,-14.51,386,115.121,-8.82299,POINT (115.121 -8.822989999999999),3
'5764608310152505139',2.02E+16,-120.88,-12.57,632,115.122,-8.82367,POINT (115.122 -8.82367),9
'5764608310152505211',2.02E+16,-120.64,-12.49,596,115.123,-8.82096,POINT (115.123 -8.820960000000001),9
'5764608310152505217',2.02E+16,-121.67,-16.81,51,115.123,-8.82503,POINT (115.123 -8.82503),9
'5764608310152505222',2.02E+16,-120.19,-16.03,215,115.123,-8.82469,POINT (115.123 -8.824689999999999),9
'5764608310152505281',2.02E+16,-120.15,-15.04,13,115.123,-8.82231,POINT (115.123 -8.82231),9
'5764608310152505305',2.02E+16,-120.57,-15.28,51,115.124,-8.82096,POINT (115.124 -8.820960000000001),9
'5764608310152505320',2.02E+16,-121.75,-12.42,605,115.125,-8.82265,POINT (115.125 -8.822649999999999),9
'5764608310152505322',2.02E+16,-120.08,-18.01,580,115.125,-8.82265,POINT (115.125 -8.822649999999999),9
'5764608310152505330',2.02E+16,-120.7,-14,644,115.125,-8.82129,POINT (115.125 -8.821289999999999),9
'5764608310152505395',2.02E+16,-120.12,-10.74,91,115.127,-8.83995,POINT (115.127 -8.83995),7
'5764608310152505471',2.02E+16,-120.7,-9.39,641,115.128,-8.83656,POINT (115.128 -8.83656),2
'5764608310152505480',2.02E+16,-126.93,-16.13,15,115.129,-8.84165,POINT (115.129 -8.84165),7
'5764608310152505496',2.02E+16,-120.86,-12.21,7,115.129,-8.84029,POINT (115.129 -8.84029),2
'5764608310152505522',2.02E+16,-122,-18.67,3,115.13,-8.84029,POINT (115.13 -8.84029),2
'5764608310152505533',2.02E+16,-121.04,-12.54,28,115.131,-8.83928,POINT (115.131 -8.83928),2
'5764608310152505546',2.02E+16,-120.35,-12.49,114,115.13,-8.83894,POINT (115.13 -8.838939999999999),2
'5764608310152505550',2.02E+16,-121.43,-11.32,8618,115.13,-8.83826,POINT (115.13 -8.83826),2
'5764608310152505552',2.02E+16,-120.71,-15.37,691,115.128,-8.83758,POINT (115.128 -8.837580000000001),2
'5764608310152505573',2.02E+16,-120.17,-12.93,1427,115.13,-8.83792,POINT (115.13 -8.83792),2
'5764608310152505574',2.02E+16,-122.66,-11.17,21,115.13,-8.83826,POINT (115.13 -8.83826),2
'5764608310152505596',2.02E+16,-128.92,-18.16,12,115.131,-8.8369,POINT (115.131 -8.8369),2
'5764608310152505729',2.02E+16,-120.35,-12.2,838,115.128,-8.83588,POINT (115.128 -8.83588),2
'5764608310152505785',2.02E+16,-123.6,-12.7,10,115.131,-8.83453,POINT (115.131 -8.834530000000001),2
'5764608310152505840',2.02E+16,-122.06,-14.77,194,115.13,-8.83215,POINT (115.13 -8.83215),9
'5764608310152505861',2.02E+16,-123.2,-11.48,107,115.131,-8.84063,POINT (115.131 -8.840630000000001),2
'5764608310152505862',2.02E+16,-121,-11.1,5,115.132,-8.84097,POINT (115.132 -8.84097),2
'5764608310152505863',2.02E+16,-121.3,-12.43,30,115.132,-8.84063,POINT (115.132 -8.840630000000001),2
'5764608310152505867',2.02E+16,-123.38,-14.19,13,115.132,-8.84131,POINT (115.132 -8.84131),2
'5764608310152505869',2.02E+16,-120.42,-13.58,12,115.132,-8.84063,POINT (115.132 -8.840630000000001),2
'5764608310152505873',2.02E+16,-123,-19,1,115.131,-8.83995,POINT (115.131 -8.83995),2
'5764608310152505875',2.02E+16,-120.65,-12.41,99,115.132,-8.83995,POINT (115.132 -8.83995),2
'5764608310152505887',2.02E+16,-122.66,-13.89,35,115.132,-8.83928,POINT (115.132 -8.83928),2
'5764608310152505889',2.02E+16,-122,-11.52,27,115.133,-8.84131,POINT (115.133 -8.84131),2
'5764608310152505892',2.02E+16,-123.78,-12.55,112,115.133,-8.84097,POINT (115.133 -8.84097),2
'5764608310152505893',2.02E+16,-120.54,-10.44,97,115.133,-8.84063,POINT (115.133 -8.840630000000001),2
'5764608310152505898',2.02E+16,-123.78,-14.33,18,115.134,-8.84165,POINT (115.134 -8.84165),2
'5764608310152505900',2.02E+16,-122.82,-13.31,44,115.133,-8.84097,POINT (115.133 -8.84097),2
'5764608310152505909',2.02E+16,-121.38,-14.4,42,115.133,-8.83928,POINT (115.133 -8.83928),2
'5764608310152505910',2.02E+16,-120.04,-10.57,28,115.133,-8.83962,POINT (115.133 -8.83962),2
'5764608310152505917',2.02E+16,-123.25,-16.92,12,115.133,-8.83928,POINT (115.133 -8.83928),2
'5764608310152505918',2.02E+16,-120.67,-17.58,6,115.134,-8.83962,POINT (115.134 -8.83962),2
'5764608310152505921',2.02E+16,-123.16,-14.18,31,115.131,-8.8386,POINT (115.131 -8.8386),2
'5764608310152505932',2.02E+16,-120.12,-15.47,77,115.132,-8.83826,POINT (115.132 -8.83826),2
'5764608310152505934',2.02E+16,-123,-15.75,2,115.132,-8.83826,POINT (115.132 -8.83826),2
'5764608310152505940',2.02E+16,-121.08,-16.35,24,115.131,-8.8369,POINT (115.131 -8.8369),2
'5764608310152505952',2.02E+16,-121.14,-14.41,73,115.133,-8.83894,POINT (115.133 -8.838939999999999),2
'5764608310152505954',2.02E+16,-121.46,-10.5,13,115.133,-8.83894,POINT (115.133 -8.838939999999999),2
'5764608310152505955',2.02E+16,-121.27,-13.41,34,115.133,-8.8386,POINT (115.133 -8.8386),2
'5764608310152505958',2.02E+16,-122.23,-12.73,120,115.133,-8.83826,POINT (115.133 -8.83826),2
'5764608310152505959',2.02E+16,-129.6,-19.8,5,115.133,-8.83792,POINT (115.133 -8.83792),2
'5764608310152505962',2.02E+16,-124.5,-16.75,14,115.134,-8.83894,POINT (115.134 -8.838939999999999),2
'5764608310152505967',2.02E+16,-121.31,-14.3,128,115.134,-8.83792,POINT (115.134 -8.83792),2
'5764608310152505971',2.02E+16,-121.07,-14.93,27,115.133,-8.83724,POINT (115.133 -8.83724),2
'5764608310152505974',2.02E+16,-122.32,-11.96,142,115.133,-8.8369,POINT (115.133 -8.8369),2
'5764608310152505997',2.02E+16,-121.08,-16.12,12,115.135,-8.84063,POINT (115.135 -8.840630000000001),2
'5764608310152505998',2.02E+16,-123.22,-15.28,27,115.135,-8.84097,POINT (115.135 -8.84097),2
'5764608310152506005',2.02E+16,-127.33,-16.44,9,115.134,-8.83928,POINT (115.134 -8.83928),2
'5764608310152506012',2.02E+16,-120.56,-12.56,9,115.135,-8.83962,POINT (115.135 -8.83962),2
'5764608310152506013',2.02E+16,-123.6,-16.23,70,115.135,-8.83928,POINT (115.135 -8.83928),2
'5764608310152506014',2.02E+16,-121.94,-13.76,262,115.135,-8.83962,POINT (115.135 -8.83962),2
'5764608310152506016',2.02E+16,-126,-19.5,1,115.135,-8.84165,POINT (115.135 -8.84165),2
'5764608310152506020',2.02E+16,-121.5,-14.25,2,115.135,-8.84097,POINT (115.135 -8.84097),2
'5764608310152506023',2.02E+16,-125.8,-14.4,5,115.136,-8.84063,POINT (115.136 -8.840630000000001),2
'5764608310152506025',2.02E+16,-121.87,-16.43,22,115.136,-8.84131,POINT (115.136 -8.84131),2
'5764608310152506027',2.02E+16,-120.23,-17.04,13,115.136,-8.84131,POINT (115.136 -8.84131),2
'5764608310152506030',2.02E+16,-123.93,-16.71,75,115.136,-8.84097,POINT (115.136 -8.84097),2
'5764608310152506032',2.02E+16,-124.78,-16.18,41,115.135,-8.84029,POINT (115.135 -8.84029),2
'5764608310152506035',2.02E+16,-121.13,-15.12,78,115.136,-8.83995,POINT (115.136 -8.83995),2
'5764608310152506037',2.02E+16,-125.61,-17.73,13,115.135,-8.83928,POINT (115.135 -8.83928),2
'5764608310152506039',2.02E+16,-125.26,-15.61,84,115.136,-8.83928,POINT (115.136 -8.83928),2
'5764608310152506041',2.02E+16,-124.08,-17.69,13,115.136,-8.83995,POINT (115.136 -8.83995),2
'5764608310152506042',2.02E+16,-125.05,-17.22,18,115.136,-8.84029,POINT (115.136 -8.84029),2
'5764608310152506043',2.02E+16,-123.75,-19.75,4,115.136,-8.83995,POINT (115.136 -8.83995),2
'5764608310152506049',2.02E+16,-127.8,-15,5,115.134,-8.8386,POINT (115.134 -8.8386),2
'5764608310152506055',2.02E+16,-123.62,-12.88,8,115.134,-8.83792,POINT (115.134 -8.83792),2
'5764608310152506056',2.02E+16,-122.5,-18.5,8,115.135,-8.83894,POINT (115.135 -8.838939999999999),2
'5764608310152506066',2.02E+16,-124.56,-15.53,16,115.134,-8.83758,POINT (115.134 -8.837580000000001),2
'5764608310152506077',2.02E+16,-121.68,-15.44,40,115.135,-8.83656,POINT (115.135 -8.83656),2
'5764608310152506082',2.02E+16,-121.48,-14.93,21,115.136,-8.83894,POINT (115.136 -8.838939999999999),2
'5764608310152506083',2.02E+16,-120.35,-11.9,158,115.136,-8.8386,POINT (115.136 -8.8386),2
'5764608310152506090',2.02E+16,-129,-15.07,7,115.136,-8.83894,POINT (115.136 -8.838939999999999),2
'5764608310152506093',2.02E+16,-131,-19.5,3,115.136,-8.83792,POINT (115.136 -8.83792),2
'5764608310152506095',2.02E+16,-121.05,-13.03,147,115.136,-8.83792,POINT (115.136 -8.83792),2
'5764608310152506097',2.02E+16,-127.33,-19.25,6,115.135,-8.83724,POINT (115.135 -8.83724),2
'5764608310152506098',2.02E+16,-128,-19.67,3,115.136,-8.83758,POINT (115.136 -8.837580000000001),2
'5764608310152506100',2.02E+16,-121.09,-14.21,45,115.135,-8.8369,POINT (115.135 -8.8369),2
'5764608310152506104',2.02E+16,-121.66,-15.74,41,115.136,-8.83758,POINT (115.136 -8.837580000000001),2
'5764608310152506107',2.02E+16,-120.18,-14.92,168,115.136,-8.83724,POINT (115.136 -8.83724),2
'5764608310152506108',2.02E+16,-121.27,-15.16,60,115.136,-8.8369,POINT (115.136 -8.8369),2
'5764608310152506117',2.02E+16,-121.08,-14.41,161,115.131,-8.83521,POINT (115.131 -8.83521),2
'5764608310152506188',2.02E+16,-120.12,-11.68,25,115.132,-8.83283,POINT (115.132 -8.83283),2
'5764608310152506190',2.02E+16,-125.45,-15.95,11,115.132,-8.83283,POINT (115.132 -8.83283),2
'5764608310152506240',2.02E+16,-123.52,-14.14,65,115.134,-8.83622,POINT (115.134 -8.836219999999999),2
'5764608310152506244',2.02E+16,-122.67,-15.21,24,115.134,-8.83554,POINT (115.134 -8.83554),2
'5764608310152506371',2.02E+16,-120.39,-14.73,149,115.126,-8.83046,POINT (115.126 -8.83046),9
'5764608310152506380',2.02E+16,-120.42,-12.72,191,115.126,-8.83012,POINT (115.126 -8.830119999999999),9
'5764608310152506387',2.02E+16,-120.05,-14.87,41,115.126,-8.8291,POINT (115.126 -8.8291),9
'5764608310152506420',2.02E+16,-120.45,-12.59,236,115.127,-8.82876,POINT (115.127 -8.828760000000001),9
'5764608310152506439',2.02E+16,-122.42,-17.75,84,115.126,-8.82706,POINT (115.126 -8.827060000000001),9
'5764608310152506440',2.02E+16,-122.74,-15.74,57,115.126,-8.82808,POINT (115.126 -8.82808),9
'5764608310152506441',2.02E+16,-121.45,-16.77,11,115.126,-8.82774,POINT (115.126 -8.827739999999999),9
'5764608310152506443',2.02E+16,-125.89,-18.86,18,115.127,-8.82774,POINT (115.127 -8.827739999999999),9
'5764608310152506454',2.02E+16,-122.14,-14.7,72,115.126,-8.82605,POINT (115.126 -8.82605),9
'5764608310152506457',2.02E+16,-120.25,-12.07,52,115.126,-8.82638,POINT (115.126 -8.82638),9
'5764608310152506466',2.02E+16,-120.16,-15.72,139,115.127,-8.82808,POINT (115.127 -8.82808),9
'5764608310152506468',2.02E+16,-121.38,-16.09,16,115.127,-8.8274,POINT (115.127 -8.827400000000001),9
'5764608310152506469',2.02E+16,-120.16,-15.51,80,115.127,-8.82706,POINT (115.127 -8.827060000000001),9
'5764608310152506483',2.02E+16,-126,-16.25,4,115.127,-8.82638,POINT (115.127 -8.82638),9
'5764608310152506491',2.02E+16,-121.92,-15.58,24,115.128,-8.82638,POINT (115.128 -8.82638),9
'5764608310152506494',2.02E+16,-121.46,-13.26,39,115.128,-8.82605,POINT (115.128 -8.82605),9
'5764608310152506522',2.02E+16,-121.33,-15.1,15,115.13,-8.82944,POINT (115.13 -8.82944),9
'5764608310152506541',2.02E+16,-120.53,-14.69,287,115.131,-8.82978,POINT (115.131 -8.82978),9
'5764608310152506630',2.02E+16,-120.39,-14.58,244,115.126,-8.82469,POINT (115.126 -8.824689999999999),9
'5764608310152506632',2.02E+16,-122.79,-14.27,124,115.126,-8.82537,POINT (115.126 -8.825369999999999),9
'5764608310152506638',2.02E+16,-122,-15.69,42,115.127,-8.82469,POINT (115.127 -8.824689999999999),9
'5764608310152506652',2.02E+16,-120.53,-13.01,79,115.126,-8.82333,POINT (115.126 -8.82333),9
'5764608310152506664',2.02E+16,-121.56,-13.96,468,115.128,-8.82537,POINT (115.128 -8.825369999999999),9
'5764608310152506685',2.02E+16,-120.62,-12.44,501,115.128,-8.82299,POINT (115.128 -8.822989999999999),9
'5764608310152506688',2.02E+16,-120.49,-13.66,394,115.126,-8.82265,POINT (115.126 -8.822649999999999),9
'5764608310152506701',2.02E+16,-121.04,-14.79,129,115.126,-8.82164,POINT (115.126 -8.821639999999999),9
'5764608310152506705',2.02E+16,-128.5,-15.25,4,115.126,-8.82096,POINT (115.126 -8.820960000000001),9
'5764608310152506711',2.02E+16,-121.78,-17.23,124,115.126,-8.82028,POINT (115.126 -8.82028),9
'5764608310152506719',2.02E+16,-120.09,-18.62,76,115.127,-8.82028,POINT (115.127 -8.82028),9
'5764608310152506724',2.02E+16,-126.29,-15.5,7,115.127,-8.82197,POINT (115.127 -8.82197),9
'5764608310152506733',2.02E+16,-126.33,-19.67,3,115.128,-8.82164,POINT (115.128 -8.821639999999999),9
'5764608310152506737',2.02E+16,-120.03,-14.08,165,115.127,-8.82096,POINT (115.127 -8.820960000000001),9
'5764608310152506741',2.02E+16,-121.13,-14.37,39,115.127,-8.82028,POINT (115.127 -8.82028),9
'5764608310152506742',2.02E+16,-122,-18,3,115.127,-8.82062,POINT (115.127 -8.82062),9
'5764608310152506743',2.02E+16,-123,-13.81,8,115.127,-8.82028,POINT (115.127 -8.82028),9
'5764608310152506744',2.02E+16,-121.87,-17.9,54,115.128,-8.82129,POINT (115.128 -8.821289999999999),9
'5764608310152506746',2.02E+16,-122.41,-17.22,51,115.128,-8.82129,POINT (115.128 -8.821289999999999),9
'5764608310152506758',2.02E+16,-120.18,-10.93,403,115.129,-8.82469,POINT (115.129 -8.824689999999999),9
'5764608310152506761',2.02E+16,-120.59,-12.75,32,115.129,-8.82503,POINT (115.129 -8.82503),9
'5764608310152506776',2.02E+16,-121.16,-11.57,480,115.129,-8.82401,POINT (115.129 -8.824010000000001),9
'5764608310152506803',2.02E+16,-121.63,-15.18,19,115.13,-8.82367,POINT (115.13 -8.82367),9
'5764608310152506818',2.02E+16,-122.31,-12.75,16,115.129,-8.82265,POINT (115.129 -8.822649999999999),9
'5764608310152506822',2.02E+16,-121.64,-13.59,11,115.129,-8.82197,POINT (115.129 -8.82197),9
'5764608310152506839',2.02E+16,-122.12,-16.07,41,115.129,-8.82028,POINT (115.129 -8.82028),9
'5764608310152506844',2.02E+16,-121.9,-17.05,558,115.129,-8.82062,POINT (115.129 -8.82062),9
'5764608310152506863',2.02E+16,-120.55,-14.35,33,115.131,-8.82164,POINT (115.131 -8.821639999999999),0
'5764608310152506866',2.02E+16,-124.17,-19.33,6,115.13,-8.82129,POINT (115.13 -8.821289999999999),9
'5764608310152506878',2.02E+16,-120.03,-15.52,35,115.131,-8.82062,POINT (115.131 -8.82062),0
'5764608310152507157',2.02E+16,-121.25,-13.75,4,115.131,-8.82299,POINT (115.131 -8.822989999999999),9
'5764608310152507163',2.02E+16,-125.5,-16.25,4,115.132,-8.82367,POINT (115.132 -8.82367),9
'5764608310152507171',2.02E+16,-122.23,-17.59,416,115.133,-8.82503,POINT (115.133 -8.82503),9
'5764608310152507198',2.02E+16,-120.03,-15.34,58,115.134,-8.82333,POINT (115.134 -8.82333),0
'5764608310152507227',2.02E+16,-124.57,-19.5,7,115.132,-8.82096,POINT (115.132 -8.820960000000001),0
'5764608310152507228',2.02E+16,-122.33,-14.33,6,115.132,-8.82062,POINT (115.132 -8.82062),0
'5764608310152507249',2.02E+16,-121.25,-16.43,225,115.133,-8.82096,POINT (115.133 -8.820960000000001),0
'5764608310152507254',2.02E+16,-123.5,-19,2,115.133,-8.82062,POINT (115.133 -8.82062),0
'5764608310152507259',2.02E+16,-122.54,-16,13,115.134,-8.82096,POINT (115.134 -8.820960000000001),0
'5764608310152507262',2.02E+16,-122.28,-15,18,115.134,-8.82062,POINT (115.134 -8.82062),0
'5764608310152507331',2.02E+16,-120.75,-13.15,390,115.134,-8.82231,POINT (115.134 -8.82231),0
'5764608310152507383',2.02E+16,-128.31,-16.17,29,115.136,-8.82028,POINT (115.136 -8.82028),0
'5764608310152507386',2.02E+16,-120.5,-15.26,213,115.136,-8.82129,POINT (115.136 -8.821289999999999),0
'5764608310152507389',2.02E+16,-124.22,-14.99,64,115.136,-8.82028,POINT (115.136 -8.82028),0
'5764608310152507390',2.02E+16,-122.16,-16.23,13,115.136,-8.82062,POINT (115.136 -8.82062),0
'5764608310152507612',2.02E+16,-122.6,-15.6,5,115.118,-8.81519,POINT (115.118 -8.815189999999999),14
'5764608310152507819',2.02E+16,-120.34,-15.14,437,115.12,-8.81417,POINT (115.12 -8.814169999999999),14
'5764608310152507829',2.02E+16,-122.59,-19.37,22,115.119,-8.81213,POINT (115.119 -8.81213),14
'5764608310152507861',2.02E+16,-121,-13,19,115.117,-8.80942,POINT (115.117 -8.809419999999999),13
'5764608310152507871',2.02E+16,-126.83,-19.5,6,115.119,-8.80942,POINT (115.119 -8.809419999999999),14
'5764608310152507900',2.02E+16,-120.7,-19.32,47,115.12,-8.80976,POINT (115.12 -8.809760000000001),14
'5764608310152507945',2.02E+16,-130,-20,3,115.122,-8.8196,POINT (115.122 -8.819599999999999),14
'5764608310152508029',2.02E+16,-120.11,-17.31,18,115.122,-8.81485,POINT (115.122 -8.81485),14
'5764608310152508052',2.02E+16,-123.01,-18.07,194,115.123,-8.8179,POINT (115.123 -8.8179),14
'5764608310152508080',2.02E+16,-123.74,-17.82,30,115.124,-8.81858,POINT (115.124 -8.818580000000001),14
'5764608310152508084',2.02E+16,-121.62,-17.44,183,115.124,-8.8179,POINT (115.124 -8.8179),14
'5764608310152508104',2.02E+16,-120.02,-16.4,129,115.124,-8.81722,POINT (115.124 -8.817219999999999),14
'5764608310152508115',2.02E+16,-121.36,-18.03,17,115.123,-8.81553,POINT (115.123 -8.815530000000001),14
'5764608310152508124',2.02E+16,-120.38,-17.19,8,115.124,-8.81519,POINT (115.124 -8.815189999999999),14
'5764608310152508125',2.02E+16,-127.17,-14.67,6,115.124,-8.81485,POINT (115.124 -8.81485),14
'5764608310152508136',2.02E+16,-120.81,-18.79,31,115.125,-8.81722,POINT (115.125 -8.817219999999999),14
'5764608310152508158',2.02E+16,-122,-17.44,8,115.125,-8.81519,POINT (115.125 -8.815189999999999),14
'5764608310152508164',2.02E+16,-126,-19.75,2,115.12,-8.81383,POINT (115.12 -8.813830000000001),14
'5764608310152508175',2.02E+16,-122.17,-18.24,23,115.121,-8.81349,POINT (115.121 -8.81349),14
'5764608310152508177',2.02E+16,-120.68,-15.6,59,115.12,-8.81281,POINT (115.12 -8.812810000000001),14
'5764608310152508178',2.02E+16,-124.9,-19.38,20,115.121,-8.81315,POINT (115.121 -8.81315),14
'5764608310152508184',2.02E+16,-120.5,-20,4,115.121,-8.81315,POINT (115.121 -8.81315),14
'5764608310152508200',2.02E+16,-120.42,-17.79,77,115.122,-8.81451,POINT (115.122 -8.81451),14
'5764608310152508204',2.02E+16,-122.97,-15.36,61,115.122,-8.81383,POINT (115.122 -8.813830000000001),14
'5764608310152508206',2.02E+16,-121,-12.6,5,115.123,-8.81383,POINT (115.123 -8.813830000000001),14
'5764608310152508284',2.02E+16,-120.06,-14.41,154,115.122,-8.80976,POINT (115.122 -8.809760000000001),14
'5764608310152508287',2.02E+16,-123.79,-15.36,14,115.123,-8.80942,POINT (115.123 -8.809419999999999),14
'5764608310152508292',2.02E+16,-120.61,-16.8,53,115.123,-8.81383,POINT (115.123 -8.813830000000001),14
'5764608310152508327',2.02E+16,-120.84,-14.44,298,115.125,-8.81349,POINT (115.125 -8.81349),14
'5764608310152508341',2.02E+16,-121.4,-20,5,115.124,-8.81213,POINT (115.124 -8.81213),14
'5764608310152508342',2.02E+16,-122.26,-18.35,31,115.125,-8.81247,POINT (115.125 -8.812469999999999),14
'5764608310152508348',2.02E+16,-120.49,-17.41,87,115.125,-8.81247,POINT (115.125 -8.812469999999999),14
'5764608310152508366',2.02E+16,-124.17,-19.5,6,115.124,-8.81112,POINT (115.124 -8.811119999999999),14
'5764608310152508384',2.02E+16,-125.5,-19.5,2,115.124,-8.8118,POINT (115.124 -8.8118),14
'5764608310152508388',2.02E+16,-121.62,-17.86,29,115.124,-8.81112,POINT (115.124 -8.811119999999999),14
'5764608310152508392',2.02E+16,-120.18,-15.2,461,115.125,-8.8118,POINT (115.125 -8.8118),14
'5764608310152508464',2.02E+16,-120.57,-13.86,116,115.116,-8.80772,POINT (115.116 -8.80772),13
'5764608310152508487',2.02E+16,-120.39,-18.61,108,115.115,-8.80535,POINT (115.115 -8.805350000000001),13
'5764608310152508508',2.02E+16,-120.04,-18.77,336,115.115,-8.80433,POINT (115.115 -8.80433),13
'5764608310152508522',2.02E+16,-124.36,-15.07,14,115.117,-8.80637,POINT (115.117 -8.806369999999999),13
'5764608310152508543',2.02E+16,-120.77,-19.35,44,115.117,-8.80399,POINT (115.117 -8.803989999999999),13
'5764608310152508559',2.02E+16,-122.2,-14.5,5,115.119,-8.80806,POINT (115.119 -8.808060000000001),13
'5764608310152508588',2.02E+16,-126.01,-14.21,96,115.12,-8.8084,POINT (115.12 -8.808400000000001),13
'5764608310152508591',2.02E+16,-124.68,-15.23,28,115.12,-8.80806,POINT (115.12 -8.808060000000001),13
'5764608310152508615',2.02E+16,-123.31,-18.39,26,115.118,-8.80535,POINT (115.118 -8.805350000000001),13
'5764608310152508635',2.02E+16,-120.75,-18.69,8,115.119,-8.80467,POINT (115.119 -8.80467),13
'5764608310152508663',2.02E+16,-121.25,-19.71,12,115.119,-8.80399,POINT (115.119 -8.803989999999999),13
'5764608310152508666',2.02E+16,-121,-18.98,41,115.12,-8.80501,POINT (115.12 -8.805010000000001),13
'5764608310152508713',2.02E+16,-120.21,-18.71,126,115.117,-8.80331,POINT (115.117 -8.80331),13
'5764608310152508715',2.02E+16,-122.52,-16.61,73,115.117,-8.80331,POINT (115.117 -8.80331),13
'5764608310152508815',2.02E+16,-120.25,-15.34,24,115.119,-8.80264,POINT (115.119 -8.80264),13
'5764608310152508864',2.02E+16,-121,-13.56,9,115.117,-8.80094,POINT (115.117 -8.800939999999999),13
'5764608310152508873',2.02E+16,-120.1,-17.62,38,115.118,-8.8006,POINT (115.118 -8.800599999999999),13
'5764608310152508880',2.02E+16,-128.5,-15,4,115.117,-8.79958,POINT (115.117 -8.799580000000001),13
'5764608310152508911',2.02E+16,-123.84,-17.21,103,115.12,-8.79992,POINT (115.12 -8.79992),13
'5764608310152508915',2.02E+16,-130,-20,3,115.119,-8.79924,POINT (115.119 -8.799239999999999),13
'5764608310152509007',2.02E+16,-124.64,-18.21,104,115.121,-8.80535,POINT (115.121 -8.805350000000001),13
'5764608310152509040',2.02E+16,-120.17,-14.14,29,115.122,-8.80501,POINT (115.122 -8.805010000000001),13
'5764608310152509063',2.02E+16,-120.46,-18,152,115.123,-8.80806,POINT (115.123 -8.808060000000001),13
'5764608310152509070',2.02E+16,-121.67,-14,3,115.124,-8.8084,POINT (115.124 -8.808400000000001),14
'5764608310152509085',2.02E+16,-126,-19.5,1,115.124,-8.80671,POINT (115.124 -8.806710000000001),13
'5764608310152509146',2.02E+16,-123,-19,5,115.124,-8.80501,POINT (115.124 -8.805010000000001),13
'5764608310152509158',2.02E+16,-122.6,-15.5,5,115.125,-8.80569,POINT (115.125 -8.80569),13
'5764608310152509198',2.02E+16,-126.5,-18.88,4,115.121,-8.80298,POINT (115.121 -8.80298),13
'5764608310152509223',2.02E+16,-121.59,-17.42,39,115.122,-8.80264,POINT (115.122 -8.80264),13
'5764608310152509226',2.02E+16,-122.82,-19.67,71,115.123,-8.80365,POINT (115.123 -8.803649999999999),13
'5764608310152509236',2.02E+16,-121.66,-18.22,9,115.122,-8.80162,POINT (115.122 -8.80162),13
'5764608310152509240',2.02E+16,-125.67,-20,3,115.122,-8.8023,POINT (115.122 -8.802300000000001),13
'5764608310152509262',2.02E+16,-122.27,-19.21,22,115.121,-8.80026,POINT (115.121 -8.80026),13
'5764608310152509267',2.02E+16,-122.72,-17.93,65,115.121,-8.79924,POINT (115.121 -8.799239999999999),13
'5764608310152509314',2.02E+16,-121.31,-19.62,29,115.123,-8.80365,POINT (115.123 -8.803649999999999),13
'5764608310152509321',2.02E+16,-122.35,-14.68,17,115.124,-8.80331,POINT (115.124 -8.80331),13
'5764608310152509322',2.02E+16,-120.2,-15.4,10,115.124,-8.80365,POINT (115.124 -8.803649999999999),13
'5764608310152509339',2.02E+16,-122.83,-19.59,6,115.124,-8.80196,POINT (115.124 -8.801960000000001),13
'5764608310152509347',2.02E+16,-124.06,-19.51,36,115.125,-8.80331,POINT (115.125 -8.80331),13
'5764608310152509349',2.02E+16,-120.94,-18.31,37,115.124,-8.80264,POINT (115.124 -8.80264),13
'5764608310152509356',2.02E+16,-120.44,-16.61,9,115.125,-8.80298,POINT (115.125 -8.80298),13
'5764608310152509374',2.02E+16,-121.89,-13.64,46,115.125,-8.80162,POINT (115.125 -8.80162),13
'5764608310152509387',2.02E+16,-126.4,-16.7,5,115.124,-8.8006,POINT (115.124 -8.800599999999999),13
'5764608310152509388',2.02E+16,-120.62,-19.34,39,115.124,-8.80026,POINT (115.124 -8.80026),13
'5764608310152509392',2.02E+16,-122.67,-18.67,6,115.123,-8.79958,POINT (115.123 -8.799580000000001),13
'5764608310152509401',2.02E+16,-121.15,-18.2,20,115.124,-8.79924,POINT (115.124 -8.799239999999999),13
'5764608310152509409',2.02E+16,-123.62,-15.79,52,115.124,-8.8006,POINT (115.124 -8.800599999999999),13
'5764608310152509414',2.02E+16,-123.93,-16.1,137,115.125,-8.80026,POINT (115.125 -8.80026),13
'5764608310152509422',2.02E+16,-121.82,-16.4,194,115.125,-8.80026,POINT (115.125 -8.80026),13
'5764608310152509424',2.02E+16,-122,-19.25,6,115.124,-8.79958,POINT (115.124 -8.799580000000001),13
'5764608310152509442',2.02E+16,-125.33,-20,3,115.126,-8.81994,POINT (115.126 -8.819939999999999),9
'5764608310152509444',2.02E+16,-121.88,-19.25,91,115.126,-8.81926,POINT (115.126 -8.81926),9
'5764608310152509446',2.02E+16,-120.14,-19.36,7,115.126,-8.81926,POINT (115.126 -8.81926),9
'5764608310152509447',2.02E+16,-121,-14.75,6,115.126,-8.81892,POINT (115.126 -8.81892),9
'5764608310152509449',2.02E+16,-122.27,-16.98,26,115.126,-8.8196,POINT (115.126 -8.819599999999999),9
'5764608310152509475',2.02E+16,-120.85,-15.53,46,115.127,-8.8196,POINT (115.127 -8.819599999999999),9
'5764608310152509492',2.02E+16,-122,-20,3,115.127,-8.8179,POINT (115.127 -8.8179),14
'5764608310152509496',2.02E+16,-120.67,-17.08,6,115.128,-8.81858,POINT (115.128 -8.818580000000001),0
'5764608310152509499',2.02E+16,-120.46,-19.23,13,115.128,-8.81824,POINT (115.128 -8.818239999999999),0
'5764608310152509516',2.02E+16,-125.33,-18.5,3,115.126,-8.81655,POINT (115.126 -8.816549999999999),14
'5764608310152509536',2.02E+16,-122.63,-16.5,19,115.127,-8.81722,POINT (115.127 -8.817219999999999),14
'5764608310152509538',2.02E+16,-120.3,-18.95,10,115.127,-8.81722,POINT (115.127 -8.817219999999999),14
'5764608310152509548',2.02E+16,-120.59,-17.38,395,115.128,-8.81655,POINT (115.128 -8.816549999999999),0
'5764608310152509550',2.02E+16,-121.56,-13.39,9,115.128,-8.81655,POINT (115.128 -8.816549999999999),0
'5764608310152509551',2.02E+16,-123.9,-18.8,10,115.128,-8.81621,POINT (115.128 -8.81621),14
'5764608310152509558',2.02E+16,-122.67,-20,9,115.127,-8.81519,POINT (115.127 -8.815189999999999),14
'5764608310152509565',2.02E+16,-120.23,-19.14,22,115.128,-8.81485,POINT (115.128 -8.81485),5
'5764608310152509567',2.02E+16,-128.8,-20,5,115.128,-8.81485,POINT (115.128 -8.81485),5
'5764608310152509572',2.02E+16,-124.8,-19.7,5,115.128,-8.81926,POINT (115.128 -8.81926),9
'5764608310152509582',2.02E+16,-120.36,-13,159,115.13,-8.81926,POINT (115.13 -8.81926),0
'5764608310152509601',2.02E+16,-120.43,-16,65,115.13,-8.8196,POINT (115.13 -8.819599999999999),0
'5764608310152509603',2.02E+16,-123.8,-15.4,5,115.13,-8.8196,POINT (115.13 -8.819599999999999),0
'5764608310152509605',2.02E+16,-122.61,-16.66,31,115.13,-8.81892,POINT (115.13 -8.81892),0
'5764608310152509616',2.02E+16,-123,-15.7,10,115.13,-8.81858,POINT (115.13 -8.818580000000001),0
'5764608310152509623',2.02E+16,-122.79,-15.57,61,115.13,-8.81756,POINT (115.13 -8.81756),0
'5764608310152509632',2.02E+16,-124.47,-19.3,130,115.128,-8.81722,POINT (115.128 -8.817219999999999),0
'5764608310152509655',2.02E+16,-121.67,-18.42,6,115.129,-8.81485,POINT (115.129 -8.81485),5
'5764608310152509660',2.02E+16,-125.27,-18.74,75,115.129,-8.81519,POINT (115.129 -8.815189999999999),5
'5764608310152509674',2.02E+16,-129.8,-19.7,5,115.131,-8.81722,POINT (115.131 -8.817219999999999),0
'5764608310152509678',2.02E+16,-120.79,-15.61,14,115.131,-8.81655,POINT (115.131 -8.816549999999999),0
'5764608310152509683',2.02E+16,-120.45,-16.26,109,115.13,-8.81553,POINT (115.13 -8.815530000000001),0
'5764608310152509686',2.02E+16,-120.38,-15.58,45,115.13,-8.81519,POINT (115.13 -8.815189999999999),0
'5764608310152509689',2.02E+16,-126.18,-17.18,17,115.131,-8.81553,POINT (115.131 -8.815530000000001),0
'5764608310152509690',2.02E+16,-121,-14,4,115.131,-8.81587,POINT (115.131 -8.81587),0
'5764608310152509695',2.02E+16,-122,-12.5,6,115.131,-8.81485,POINT (115.131 -8.81485),0
'5764608310152509711',2.02E+16,-123.25,-15.94,8,115.127,-8.81349,POINT (115.127 -8.81349),14
'5764608310152509720',2.02E+16,-120.56,-16.68,27,115.126,-8.81315,POINT (115.126 -8.81315),14
'5764608310152509738',2.02E+16,-122.67,-15.58,33,115.128,-8.81451,POINT (115.128 -8.81451),5
'5764608310152509766',2.02E+16,-120.42,-15.27,423,115.126,-8.81112,POINT (115.126 -8.811119999999999),14
'5764608310152509772',2.02E+16,-120.18,-18.35,63,115.126,-8.81112,POINT (115.126 -8.811119999999999),14
'5764608310152509775',2.02E+16,-122,-20,26,115.127,-8.81078,POINT (115.127 -8.810780000000001),5
'5764608310152509785',2.02E+16,-121.7,-19.36,164,115.126,-8.8101,POINT (115.126 -8.8101),5
'5764608310152509788',2.02E+16,-122.16,-18.91,248,115.126,-8.80976,POINT (115.126 -8.809760000000001),5
'5764608310152509794',2.02E+16,-125,-20,3,115.127,-8.8118,POINT (115.127 -8.8118),5
'5764608310152509798',2.02E+16,-120.58,-19.12,69,115.127,-8.81112,POINT (115.127 -8.811119999999999),5
'5764608310152509799',2.02E+16,-121.78,-14.63,60,115.127,-8.81078,POINT (115.127 -8.810780000000001),5
'5764608310152509800',2.02E+16,-122.25,-15.38,4,115.128,-8.8118,POINT (115.128 -8.8118),5
'5764608310152509804',2.02E+16,-126,-20,4,115.128,-8.81112,POINT (115.128 -8.811119999999999),5
'5764608310152509806',2.02E+16,-121.92,-14.65,213,115.128,-8.81112,POINT (115.128 -8.811119999999999),5
'5764608310152509809',2.02E+16,-121.33,-15.35,24,115.127,-8.8101,POINT (115.127 -8.8101),5
'5764608310152509813',2.02E+16,-122.82,-19.53,23,115.127,-8.80942,POINT (115.127 -8.809419999999999),5
'5764608310152509820',2.02E+16,-120.37,-16.06,866,115.128,-8.80976,POINT (115.128 -8.809760000000001),5
'5764608310152509827',2.02E+16,-120.75,-15.96,12,115.129,-8.81417,POINT (115.129 -8.814169999999999),5
'5764608310152509833',2.02E+16,-127.56,-19.59,16,115.129,-8.81417,POINT (115.129 -8.814169999999999),5
'5764608310152509844',2.02E+16,-121.93,-19.4,56,115.128,-8.81247,POINT (115.128 -8.812469999999999),5
'5764608310152509849',2.02E+16,-121.55,-17.18,137,115.129,-8.81281,POINT (115.129 -8.812810000000001),5
'5764608310152509867',2.02E+16,-121.88,-12.66,651,115.131,-8.81417,POINT (115.131 -8.814169999999999),5
'5764608310152509869',2.02E+16,-121.05,-16.8,60,115.131,-8.81349,POINT (115.131 -8.81349),5
'5764608310152509870',2.02E+16,-122.17,-19.96,12,115.131,-8.81383,POINT (115.131 -8.813830000000001),5
'5764608310152509879',2.02E+16,-122.08,-17.07,142,115.13,-8.81213,POINT (115.13 -8.81213),5
'5764608310152509881',2.02E+16,-121.7,-16.57,27,115.131,-8.81281,POINT (115.131 -8.812810000000001),5
'5764608310152509882',2.02E+16,-123.48,-17.87,634,115.131,-8.81315,POINT (115.131 -8.81315),5
'5764608310152509885',2.02E+16,-121.53,-11.99,301,115.131,-8.81213,POINT (115.131 -8.81213),5
'5764608310152509914',2.02E+16,-122.05,-17.58,331,115.13,-8.81044,POINT (115.13 -8.81044),5
'5764608310152509923',2.02E+16,-122.53,-17.57,28,115.13,-8.81146,POINT (115.13 -8.81146),5
'5764608310152509925',2.02E+16,-124.62,-17.07,8,115.13,-8.81078,POINT (115.13 -8.810780000000001),5
'5764608310152509926',2.02E+16,-122.28,-16.86,122,115.13,-8.81112,POINT (115.13 -8.811119999999999),5
'5764608310152509927',2.02E+16,-121.1,-15.31,228,115.13,-8.81078,POINT (115.13 -8.810780000000001),5
'5764608310152509929',2.02E+16,-120.9,-14.46,658,115.131,-8.81146,POINT (115.131 -8.81146),5
'5764608310152509930',2.02E+16,-124.48,-18.29,58,115.131,-8.8118,POINT (115.131 -8.8118),5
'5764608310152509932',2.02E+16,-120.61,-16.61,2273,115.131,-8.81112,POINT (115.131 -8.811119999999999),5
'5764608310152509936',2.02E+16,-124.39,-17.94,127,115.13,-8.81044,POINT (115.13 -8.81044),5
'5764608310152509938',2.02E+16,-120.79,-14.64,1583,115.13,-8.81044,POINT (115.13 -8.81044),5
'5764608310152509939',2.02E+16,-121.47,-17.99,778,115.13,-8.8101,POINT (115.13 -8.8101),5
'5764608310152509948',2.02E+16,-122,-18.43,14,115.131,-8.80976,POINT (115.131 -8.809760000000001),5
'5764608310152509950',2.02E+16,-122.24,-18.36,25,115.131,-8.80976,POINT (115.131 -8.809760000000001),5
'5764608310152509964',2.02E+16,-122.69,-16.77,35,115.132,-8.81926,POINT (115.132 -8.81926),0
'5764608310152509970',2.02E+16,-120.8,-13.4,5,115.132,-8.81858,POINT (115.132 -8.818580000000001),0
'5764608310152509975',2.02E+16,-122,-15.31,26,115.132,-8.81756,POINT (115.132 -8.81756),0
'5764608310152509976',2.02E+16,-124.33,-17.25,6,115.132,-8.81858,POINT (115.132 -8.818580000000001),0
'5764608310152509989',2.02E+16,-121.61,-17.28,85,115.133,-8.81892,POINT (115.133 -8.81892),0
'5764608310152509990',2.02E+16,-125.69,-18.58,13,115.133,-8.81926,POINT (115.133 -8.81926),0
'5764608310152509992',2.02E+16,-123.12,-17.42,25,115.133,-8.81994,POINT (115.133 -8.819939999999999),0
'5764608310152509995',2.02E+16,-120.98,-14.43,59,115.134,-8.8196,POINT (115.134 -8.819599999999999),0
'5764608310152509996',2.02E+16,-120.52,-16.27,58,115.133,-8.81926,POINT (115.133 -8.81926),0
'5764608310152510019',2.02E+16,-122.62,-16.93,13,115.132,-8.81688,POINT (115.132 -8.816880000000001),0
'5764608310152510030',2.02E+16,-124.14,-13.93,14,115.132,-8.81655,POINT (115.132 -8.816549999999999),0
'5764608310152510038',2.02E+16,-124.96,-17.97,49,115.132,-8.81519,POINT (115.132 -8.815189999999999),0
'5764608310152510054',2.02E+16,-120.31,-15,80,115.133,-8.81655,POINT (115.133 -8.816549999999999),0
'5764608310152510067',2.02E+16,-124.5,-13,2,115.133,-8.81553,POINT (115.133 -8.815530000000001),0
'5764608310152510069',2.02E+16,-122.48,-11.48,25,115.133,-8.81485,POINT (115.133 -8.81485),0
'5764608310152510072',2.02E+16,-121.25,-15.19,69,115.133,-8.81587,POINT (115.133 -8.81587),0
'5764608310152510076',2.02E+16,-121.75,-20,4,115.133,-8.81519,POINT (115.133 -8.815189999999999),0
'5764608310152510079',2.02E+16,-127.38,-16.44,8,115.134,-8.81485,POINT (115.134 -8.81485),0
'5764608310152510080',2.02E+16,-120.96,-16.65,53,115.134,-8.81994,POINT (115.134 -8.819939999999999),0
'5764608310152510089',2.02E+16,-123,-17.18,17,115.135,-8.8196,POINT (115.135 -8.819599999999999),0
'5764608310152510095',2.02E+16,-120.48,-16.09,31,115.135,-8.81892,POINT (115.135 -8.81892),0
'5764608310152510113',2.02E+16,-123.94,-15.36,180,115.135,-8.8196,POINT (115.135 -8.819599999999999),0
'5764608310152510120',2.02E+16,-127.92,-14.33,159,115.136,-8.81994,POINT (115.136 -8.819939999999999),0
'5764608310152510124',2.02E+16,-120.4,-15.05,10,115.136,-8.81926,POINT (115.136 -8.81926),0
'5764608310152510126',2.02E+16,-128,-15.15,13,115.136,-8.81926,POINT (115.136 -8.81926),0
'5764608310152510136',2.02E+16,-120.25,-14.63,20,115.136,-8.81858,POINT (115.136 -8.818580000000001),0
'5764608310152510144',2.02E+16,-121,-20,3,115.134,-8.81722,POINT (115.134 -8.817219999999999),0
'5764608310152510146',2.02E+16,-120.91,-16.17,90,115.134,-8.81722,POINT (115.134 -8.817219999999999),0
'5764608310152510178',2.02E+16,-121.04,-16.69,189,115.136,-8.81722,POINT (115.136 -8.817219999999999),0
'5764608310152510183',2.02E+16,-122.75,-18.62,4,115.136,-8.81621,POINT (115.136 -8.81621),0
'5764608310152510185',2.02E+16,-120.77,-15.47,274,115.136,-8.81688,POINT (115.136 -8.816880000000001),0
'5764608310152510189',2.02E+16,-123.05,-18.27,22,115.136,-8.81621,POINT (115.136 -8.81621),0
'5764608310152510195',2.02E+16,-120.33,-20,3,115.136,-8.81553,POINT (115.136 -8.815530000000001),0
'5764608310152510199',2.02E+16,-120.63,-18.15,194,115.136,-8.81485,POINT (115.136 -8.81485),0
'5764608310152510202',2.02E+16,-121.78,-12.02,560,115.136,-8.81587,POINT (115.136 -8.81587),0
'5764608310152510203',2.02E+16,-120.18,-12.04,38,115.136,-8.81553,POINT (115.136 -8.815530000000001),0
'5764608310152510210',2.02E+16,-121.6,-17.9,135,115.132,-8.81451,POINT (115.132 -8.81451),0
'5764608310152510220',2.02E+16,-123.79,-18.89,19,115.132,-8.81383,POINT (115.132 -8.813830000000001),5
'5764608310152510224',2.02E+16,-120.25,-19.43,8,115.131,-8.81315,POINT (115.131 -8.81315),5
'5764608310152510229',2.02E+16,-120.33,-16.4,42,115.131,-8.81213,POINT (115.131 -8.81213),5
'5764608310152510236',2.02E+16,-121.97,-11.94,734,115.132,-8.81247,POINT (115.132 -8.812469999999999),5
'5764608310152510252',2.02E+16,-121.08,-18.58,37,115.133,-8.81383,POINT (115.133 -8.813830000000001),0
'5764608310152510259',2.02E+16,-121.06,-18,16,115.133,-8.81281,POINT (115.133 -8.812810000000001),5
'5764608310152510264',2.02E+16,-120.67,-16.83,9,115.133,-8.81315,POINT (115.133 -8.81315),5
'5764608310152510265',2.02E+16,-123.09,-17.67,32,115.133,-8.81281,POINT (115.133 -8.812810000000001),5
'5764608310152510269',2.02E+16,-122.69,-14.66,13,115.133,-8.81213,POINT (115.133 -8.81213),5
'5764608310152510274',2.02E+16,-122.69,-18.44,23,115.132,-8.8118,POINT (115.132 -8.8118),5
'5764608310152510275',2.02E+16,-120.5,-16.56,42,115.132,-8.81146,POINT (115.132 -8.81146),5
'5764608310152510278',2.02E+16,-120.49,-14.4,84,115.132,-8.81112,POINT (115.132 -8.811119999999999),5
'5764608310152510281',2.02E+16,-123.03,-19.54,35,115.132,-8.81146,POINT (115.132 -8.81146),5
'5764608310152510286',2.02E+16,-120.41,-17.1,29,115.132,-8.81112,POINT (115.132 -8.811119999999999),5
'5764608310152510302',2.02E+16,-123.94,-18.24,17,115.132,-8.80976,POINT (115.132 -8.809760000000001),5
'5764608310152510307',2.02E+16,-120.75,-12.62,4,115.133,-8.81146,POINT (115.133 -8.81146),5
'5764608310152510324',2.02E+16,-122,-17.5,7,115.133,-8.80976,POINT (115.133 -8.809760000000001),5
'5764608310152510328',2.02E+16,-120.03,-17.11,66,115.133,-8.81044,POINT (115.133 -8.81044),5
'5764608310152510335',2.02E+16,-121.72,-15.96,196,115.134,-8.80942,POINT (115.134 -8.809419999999999),5
'5764608310152510337',2.02E+16,-123.04,-19.98,28,115.134,-8.81417,POINT (115.134 -8.814169999999999),0
'5764608310152510381',2.02E+16,-123.63,-12.71,2642,115.136,-8.81349,POINT (115.136 -8.81349),0
'5764608310152510391',2.02E+16,-123.87,-16.5,16,115.136,-8.81213,POINT (115.136 -8.81213),5
'5764608310152510393',2.02E+16,-120.54,-19.29,26,115.136,-8.81281,POINT (115.136 -8.812810000000001),0
'5764608310152510401',2.02E+16,-123.5,-18.5,4,115.134,-8.81146,POINT (115.134 -8.81146),5
'5764608310152510419',2.02E+16,-121.71,-19.71,14,115.134,-8.8101,POINT (115.134 -8.8101),5
'5764608310152510422',2.02E+16,-125.22,-17.87,843,115.134,-8.80976,POINT (115.134 -8.809760000000001),5
'5764608310152510423',2.02E+16,-120.17,-13.71,1178,115.134,-8.80942,POINT (115.134 -8.809419999999999),5
'5764608310152510429',2.02E+16,-124.72,-18.63,54,115.135,-8.80942,POINT (115.135 -8.809419999999999),5
'5764608310152510440',2.02E+16,-121.71,-14.57,21,115.136,-8.8118,POINT (115.136 -8.8118),5
'5764608310152510459',2.02E+16,-132,-20,1,115.136,-8.8101,POINT (115.136 -8.8101),5
'5764608310152510460',2.02E+16,-121.08,-19.11,66,115.136,-8.80976,POINT (115.136 -8.809760000000001),5
'5764608310152510461',2.02E+16,-121.75,-19.81,8,115.136,-8.80942,POINT (115.136 -8.809419999999999),5
'5764608310152510464',2.02E+16,-124,-19.58,6,115.126,-8.80908,POINT (115.126 -8.80908),5
'5764608310152510479',2.02E+16,-120.25,-20,4,115.127,-8.80806,POINT (115.127 -8.808060000000001),5
'5764608310152510491',2.02E+16,-120.33,-16.25,150,115.127,-8.80739,POINT (115.127 -8.80739),5
'5764608310152510515',2.02E+16,-128.4,-19.3,5,115.127,-8.80739,POINT (115.127 -8.80739),5
'5764608310152510516',2.02E+16,-121.07,-15.27,30,115.127,-8.80705,POINT (115.127 -8.80705),5
'5764608310152510530',2.02E+16,-121.47,-17.97,369,115.126,-8.80637,POINT (115.126 -8.806369999999999),13
'5764608310152510542',2.02E+16,-130,-20,2,115.127,-8.80569,POINT (115.127 -8.80569),5
'5764608310152510560',2.02E+16,-121,-19.75,4,115.127,-8.80637,POINT (115.127 -8.806369999999999),5
'5764608310152510574',2.02E+16,-121.2,-20,20,115.128,-8.80569,POINT (115.128 -8.80569),5
'5764608310152510587',2.02E+16,-120.83,-13.82,758,115.128,-8.80467,POINT (115.128 -8.80467),5
'5764608310152510594',2.02E+16,-126.4,-18.4,5,115.129,-8.80908,POINT (115.129 -8.80908),5
'5764608310152510599',2.02E+16,-120.62,-10,8,115.129,-8.80806,POINT (115.129 -8.808060000000001),5
'5764608310152510631',2.02E+16,-124,-16.81,51,115.13,-8.80806,POINT (115.13 -8.808060000000001),5
'5764608310152510643',2.02E+16,-121.07,-17.51,41,115.13,-8.80739,POINT (115.13 -8.80739),5
'5764608310152510656',2.02E+16,-124,-15.17,12,115.128,-8.80637,POINT (115.128 -8.806369999999999),5
'5764608310152510667',2.02E+16,-125.21,-18.49,44,115.13,-8.80603,POINT (115.13 -8.80603),5
